#a,Org.,Prog.,Econ.,Denominación (cat),Vinc. Org.,Vinc. Fun.,Vinc. Eco.,Créditos Iniciales,Modificaciones de crècido,l,Obligaciones reconegudes
2025,061  ,3412 ,226093 ,DESP NIT DE L'ESPORT                              ,061,34   ,22    ,10720,0,,8891.18
2025,064  ,334  ,227991 ,PROJECTE JOVES I MEDI OBERT                       ,064,33   ,22    ,163000,60000,,68149.71
2025,0113 ,132  ,214    ,POLICIA LOCAL-VEHICLES                            ,011,13   ,21    ,49500,0,,0
2025,061  ,3412 ,227991 ,DESP CURSA POPULAR                                ,061,34   ,22    ,16528,0,,0
2025,042  ,334  ,227991 ,PROGRAMA ARTS EN VIU                              ,042,33   ,22    ,250000,0,,164637.5
2025,044  ,2311 ,2279904,CONTR PRESTACIO SERVEIS CURES                     ,044,2311 ,227990,69676,0,,18859.5
2025,044  ,2313 ,227993 ,CONT SERVEI D'INTERVENCIÓ SOCIOEDUCATIVA          ,044,23   ,22    ,549916,11383.75,,240515.3
2025,032  ,170  ,227992 ,CONTR PREST SERVEIS EDUCACIÓ AMBIENTAL            ,032,17   ,22    ,121000,0,,28507.45
2025,032  ,419  ,22799  ,PRESTACIÓ SERVEIS AGRIGULTURA                     ,032,41   ,22    ,25000,0,,0
2025,041  ,326  ,489    ,TRANSF CORRENTS AMPAS                             ,041,32   ,48    ,40450,0,,0
2025,041  ,326  ,48901  ,TRANSF CORRENTS PROJECTES PEDAGÒGICS              ,041,32   ,48    ,4028,0,,0
2025,032  ,1722 ,227992 ,OFICINA D'ENERGIA I CLIMA                         ,032,17   ,22    ,100000,0,,29546.8
2025,031  ,1500 ,22199  ,"BRIGADA, MATERIAL TÈCNIC                          ",031,15   ,22    ,41820,224.42,,4457.73
2025,042  ,333  ,227994 ,CONTR PREST SERVEIS CC JARDINS DE LA PAU          ,042,33   ,22    ,334273,0,,139280.4
2025,041  ,3231 ,227992 ,CONTR PREST SERVEIS AUX ESCOLA BRESSOL            ,041,32   ,22    ,162520,0,,54965.4
2025,031  ,1532 ,2191   ,SUBM. MOBILIARI URBÀ                              ,031,15   ,21    ,195330,10448.27,,10448.27
2025,031  ,1532 ,210    ,VIES PÚBLIQUES CONSERV-REPARACIÓ                  ,031,15   ,21    ,546148,26834.04,,93230
2025,044  ,2311 ,622    ,INV NOVA RESIDENCIA D'AVIS                        ,044,2311 ,622   ,12225869.27,0,,2227189.79
2025,061  ,3411 ,22199  ,FOMENT ASSOC.ESPORTIU-MATERIAL-TROFEUS            ,061,34   ,22    ,15650,0,,1296.21
2025,061  ,342  ,227991 ,CONTR PREST SERVEIS ESPORTS                       ,061,34   ,22    ,1013000,2226.4,,441173.86
2025,012  ,912  ,489    ,TRANSF CORRENTS GRUPS MUNICIPALS                  ,012,912  ,489   ,192000,0,,96000
2025,021  ,1521 ,209    ,CÀNONS CONVENIS HABITATGE                         ,021,1521 ,209   ,82000,0,,804.18
2025,0111 ,920  ,227062 ,ESTUDIS I TREBALLS TÈCNICS TIC                    ,011,92   ,22    ,45000,2178,,16495
2025,041  ,3231 ,227996 ,CONTR PREST SERV ESCOLA BRESSOL LA BLAVETA        ,041,32   ,22    ,615903,25007.35,,214110.68
2025,031  ,920  ,22799  ,CONTR PREST SERVEIS INFRAES VÀRIES                ,031,92   ,22    ,306528,5437.56,,87961.53
2025,031  ,165  ,22799  ,"ENLLUMENAT PÚBLIC, PREST SERVEIS                  ",031,16   ,22    ,878532,0,,380162.6
2025,0111 ,920  ,227063 ,OFICINA TÈCNICA DESENVOLUPAMENT PROGRAMARI SITIC  ,011,92   ,22    ,670000,-80000,,212293.49
2025,051  ,433  ,22799  ,CONTR PREST SERVEIS-ACTIV.ECONÒMICA               ,051,43   ,22    ,40000,0,,14449.6
2025,041  ,326  ,227993 ,PREST SERV CIUTAT DELS INFANTS                    ,041,32   ,22    ,16900,0,,5618.28
2025,021  ,160  ,22706  ,PLA DIRECTOR CLAVEGUERAM                          ,021,16   ,22    ,0,24079,,0
2025,061  ,3412 ,227993 ,CAMPANYA NATACIÓ ESCOLAR AMB EDUCACIÓ             ,061,34   ,22    ,18000,0,,7921.55
2025,041  ,326  ,227995 ,PLA EDUCATIU D'ENTORN                             ,041,32   ,22    ,168659,0,,54408.04
2025,012  ,920  ,227061 ,ESTUDIS I TREBALLS TÈCNICS                        ,012,92   ,22    ,100000,21712.24,,6341.35
2025,042  ,333  ,227999 ,CONTR PREST SERVEIS L'ARTESÀ                      ,042,33   ,22    ,786192,46630.93,,374954.34
2025,041  ,326  ,227999 ,PROJECTE D'IMPULS DE L'ANGLÈS                     ,041,32   ,22    ,308301,0,,137916.8
2025,064  ,334  ,22799  ,PLA JOVE                                          ,064,33   ,22    ,350000,30000,,136531.12
2025,051  ,2412 ,22799  ,CONTR PREST SERVEIS -FORMACIÓ I OCUPACIÓ          ,051,2412 ,22799 ,58150,195549.83,,105424.44
2025,052  ,430  ,22799  ,CONTR PREST SERVEIS DINAMITZACIÓ COMERCIAL        ,052,43   ,22    ,55000,0,,937.08
2025,061  ,3411 ,227993 ,DESP DIVERSES ACTIVITATS ESTIU                    ,061,34   ,22    ,9719,0,,0
2025,011  ,9201 ,226011 ,ATENCIONS PROTOCOL·LÀRIES                         ,011,92   ,22    ,50000,1614.81,,19808.81
2025,042  ,336  ,227991 ,ACTIVITATS HISTÒRIA LOCAL                         ,042,33   ,22    ,34000,1000,,3062.75
2025,0112 ,4311 ,22799  ,"CONTR PREST SERVEIS -FIRA AVÍCOLA, MOSTRA CIAL    ",011,43   ,22    ,245000,12871,,0
2025,041  ,3232 ,221042 ,VESTUARI EDUCACIÓ                                 ,041,32   ,22    ,8500,0,,893.74
2025,051  ,2413 ,1430   ,PLANS OCUPACIÓ                                    ,051,2413 ,1430  ,223000,0,,71286.63
2025,012  ,9205 ,12004  ,SOUS DEL GRUP C2                                  ,,9    ,1     ,50123.2,-10024.64,,21441.72
2025,041  ,3231 ,226992 ,DESP DIVERSES-ESCOLA BRESSOL                      ,041,32   ,22    ,9000,0,,1059.24
2025,064  ,334  ,465    ,TRANSF CONVENI ASS. MOBILITAT INTERN. JOVES       ,064,334  ,465   ,1702,0,,1227.16
2025,063  ,2312 ,227995 ,CONTR PREST SERVEIS GENT GRAN                     ,063,23   ,22    ,405092,3809,,136752.98
2025,061  ,3424 ,22100  ,ELECTRICITAT CEM JULIO MÉNDEZ                     ,,3    ,221   ,16604,2724.56,,11605.48
2025,014  ,150  ,639    ,INV DE MILLORA EN INSTAL LACIONS                  ,014,150  ,639   ,320000,322542.62,,42263.69
2025,014  ,4411 ,464    ,TRANSF TRANSPORT URBÀ                             ,014,4411 ,464   ,410435,0,,0
2025,021  ,150  ,22699  ,DESP DIVERSES                                     ,021,15   ,22    ,600,0,,511.45
2025,021  ,150  ,22706  ,ESTUDIS I TREBALLS TÈCNICS                        ,021,15   ,22    ,9000,0,,0
2025,021  ,150  ,46601  ,QUOTA MEMBRE ASSOC MUNICIPIS I ENTITATS PER L'AIGU,021,150  ,46601 ,2240,66.85,,0
2025,021  ,150  ,49001  ,QUOTA MEMBRE AIRPORT REGIONS COUNCIL (ARC)        ,021,150  ,49001 ,9000,23334,,32334
2025,021  ,1500 ,12000  ,SOUS DEL GRUP A1                                  ,,1    ,1     ,35120.88,0,,17560.44
2025,021  ,1500 ,12006  ,TRIENNIS                                          ,,1    ,1     ,9133.68,0,,4400.49
2025,021  ,1500 ,12100  ,COMPLEMENT DE DESTINACIÓ                          ,,1    ,1     ,22082.9,0,,9764.02
2025,021  ,1500 ,12101  ,COMPLEMENT ESPECÍFIC                              ,,1    ,1     ,70390.46,0,,32396.28
2025,021  ,1500 ,16000  ,QUOTES SEGURETAT SOCIAL                           ,,1    ,1     ,34534.74,0,,13062.75
2025,021  ,151  ,464    ,APORTACIÓ CONVENI DISCIPLINA URBANÍSTICA AMB      ,021,151  ,464   ,16686,16685.19,,16685.19
2025,021  ,1513 ,12000  ,SOUS DEL GRUP A1                                  ,,1    ,1     ,82177.98,0,,35120.88
2025,021  ,1513 ,12001  ,SOUS DEL GRUP A2                                  ,,1    ,1     ,46325.28,0,,17695.28
2025,021  ,1513 ,12003  ,SOUS DEL GRUP C1                                  ,,1    ,1     ,65046.5,-11826.64,,27857.16
2025,021  ,1513 ,12004  ,SOUS DEL GRUP C2                                  ,,1    ,1     ,40098.56,0,,15474.04
2025,021  ,1513 ,12006  ,TRIENNIS                                          ,,1    ,1     ,34326.55,0,,16234.71
2025,021  ,1513 ,12100  ,COMPLEMENT DE DESTINACIÓ                          ,,1    ,1     ,99337.6,0,,45320.59
2025,021  ,1513 ,12101  ,COMPLEMENT ESPECÍFIC                              ,,1    ,1     ,244849.04,0,,110595.98
2025,021  ,1513 ,13000  ,RETRIBUCIONS BÀSIQUES PERSONAL LABORAL FIX        ,,1    ,1     ,45864.14,0,,22929.54
2025,014  ,933  ,632    ,INV MILLORA EQUIPAMENTS I SERVEIS                 ,014,933  ,632   ,2050187.5,837694.05,,188312.94
2025,042  ,333  ,227997 ,CONTR PREST SERVEIS CÈNTRIC                       ,042,33   ,22    ,353369,0,,147237.05
2025,041  ,326  ,48911  ,TRANSF CORRENTS ESCOLA PEPA COLOMER               ,041,326  ,48911 ,4284,0,,0
2025,042  ,333  ,22102  ,CONSUM GAS EDIFICIS CULTURA                       ,,3    ,221   ,77648,9481.34,,48705.28
2025,012  ,9205 ,12006  ,TRIENNIS                                          ,,9    ,1     ,18505.96,0,,10217.5
2025,021  ,1514 ,12000  ,SOUS DEL GRUP A1                                  ,,1    ,1     ,26340.64,0,,8780.22
2025,021  ,1514 ,12001  ,SOUS DEL GRUP A2                                  ,,1    ,1     ,46325.28,0,,23162.64
2025,021  ,1514 ,12003  ,SOUS DEL GRUP C1                                  ,,1    ,1     ,23653.28,0,,5913.32
2025,021  ,1514 ,12006  ,TRIENNIS                                          ,,1    ,1     ,27182.24,0,,13394.97
2025,021  ,1514 ,12100  ,COMPLEMENT DE DESTINACIÓ                          ,,1    ,1     ,52962.7,0,,21415.52
2025,021  ,1514 ,12101  ,COMPLEMENT ESPECÍFIC                              ,,1    ,1     ,149036.3,0,,62129.48
2025,021  ,1514 ,13000  ,RETRIBUCIONS BÀSIQUES PERSONAL LABORAL FIX        ,,1    ,1     ,34358.86,0,,17179.43
2025,021  ,1514 ,16000  ,QUOTES SEGURETAT SOCIAL                           ,,1    ,1     ,104979.88,0,,35511.21
2025,021  ,1521 ,467    ,APORT. CONSORCI PRAT NORD                         ,021,1521 ,467   ,25000,0,,0
2025,021  ,1521 ,48903  ,TRANSF CORRENTS AJUTS AL LLOGUER                  ,021,1521 ,48903 ,65000,0,,0
2025,021  ,231  ,48905  ,SUBVENCIONS I AJUTS HABITATGE                     ,021,231  ,48905 ,58000,0,,0
2025,021  ,912  ,10000  ,RETRIBUCIONS BÀSIQUES ÒRGANS DE GOVERN            ,,9    ,1     ,66588.76,0,,26438.88
2025,021  ,912  ,16000  ,QUOTES SEGURETAT SOCIAL                           ,,9    ,1     ,18845.88,0,,8185.08
2025,031  ,1321 ,12000  ,SOUS DEL GRUP A1                                  ,,1    ,1     ,52681.32,0,,26340.66
2025,031  ,1321 ,12003  ,SOUS DEL GRUP C1                                  ,,1    ,1     ,23653.28,0,,11532.29
2025,051  ,326  ,227993 ,SERV COMPL EDUCACIO A DESENVOLUPAMENT ECONOMIC    ,051,32   ,22    ,3600,0,,0
2025,021  ,1513 ,16000  ,QUOTES SEGURETAT SOCIAL                           ,,1    ,1     ,203601.48,0,,69796.61
2025,031  ,1321 ,12006  ,TRIENNIS                                          ,,1    ,1     ,26947.39,0,,10310.23
2025,031  ,1321 ,12100  ,COMPLEMENT DE DESTINACIÓ                          ,,1    ,1     ,65667.28,0,,29671.01
2025,031  ,1321 ,12101  ,COMPLEMENT ESPECÍFIC                              ,,1    ,1     ,159329.52,0,,74394.26
2025,031  ,1321 ,16000  ,QUOTES SEGURETAT SOCIAL                           ,,1    ,1     ,122542.08,0,,45013.64
2025,031  ,1321 ,22699  ,DESPESES DIVERSES - VIA PÚBLICA                   ,031,13   ,22    ,850,0,,200
2025,031  ,1500 ,12000  ,SOUS DEL GRUP A1                                  ,,1    ,1     ,8780.2,0,,0
2025,031  ,1500 ,12001  ,SOUS DEL GRUP A2                                  ,,1    ,1     ,38464.98,0,,18929.65
2025,031  ,1500 ,12003  ,SOUS DEL GRUP C1                                  ,,1    ,1     ,47182.47,0,,21470.91
2025,031  ,1500 ,12004  ,SOUS DEL GRUP C2                                  ,,1    ,1     ,35086.22,0,,22722.84
2025,031  ,1500 ,12006  ,TRIENNIS                                          ,,1    ,1     ,17730.49,0,,9965.14
2025,031  ,1500 ,12100  ,COMPLEMENT DE DESTINACIÓ                          ,,1    ,1     ,59643.67,0,,28425.6
2025,031  ,1500 ,12101  ,COMPLEMENT ESPECÍFIC                              ,,1    ,1     ,173493.32,0,,85037.55
2025,031  ,1500 ,13000  ,RETRIBUCIONS BÀSIQUES PERSONAL LABORAL FIX        ,,1    ,1     ,211077.87,0,,105400.61
2025,031  ,1500 ,13001  ,HORES EXTRAORDINÀRIES PERSONAL LABORAL FIX        ,,1    ,1     ,1000,0,,1094.14
2025,031  ,1500 ,151    ,GRATIFICACIÓ SERVEIS FUNCIONARIS                  ,,1    ,1     ,1000,0,,85.07
2025,031  ,1500 ,16000  ,QUOTES SEGURETAT SOCIAL                           ,,1    ,1     ,185741.04,0,,74727.16
2025,031  ,1501 ,12005  ,SOUS DEL GRUP E                                   ,,1    ,1     ,18265.07,0,,6953.92
2025,031  ,1501 ,12006  ,TRIENNIS                                          ,,1    ,1     ,2512.55,0,,1284.77
2025,031  ,1501 ,12100  ,COMPLEMENT DE DESTINACIÓ                          ,,1    ,1     ,6794.97,0,,2728.56
2025,031  ,1501 ,12101  ,COMPLEMENT ESPECÍFIC                              ,,1    ,1     ,27011.31,0,,10549.83
2025,031  ,1501 ,13000  ,RETRIBUCIONS BÀSIQUES PERSONAL LABORAL FIX        ,,1    ,1     ,331574.14,0,,117264.42
2025,031  ,1321 ,12004  ,SOUS DEL GRUP C2                                  ,,1    ,1     ,65160.14,0,,28010.88
2025,031  ,1532 ,226991 ,ALTRES DESPESES EXECUCIONS SUBSIDIÀRIES           ,031,1532 ,226991,13700,9495.87,,13176.9
2025,031  ,1532 ,619    ,INVERSIO MILLORA ESPAI PUBLIC                     ,031,1532 ,619   ,874839.82,43511.43,,66568.09
2025,031  ,160  ,22700  ,"CLAVEGUERAM, CONT PREST SERVEIS                   ",031,16   ,22    ,1319816,-1314038.98,,5777.02
2025,031  ,171  ,13000  ,RETRIBUCIONS BÀSIQUES PERSONAL LABORAL FIX        ,,1    ,1     ,58059.66,0,,13134.84
2025,031  ,171  ,13001  ,HORES EXTRAORDINÀRIES PERSONAL LABORAL FIX        ,,1    ,1     ,475,0,,0
2025,031  ,171  ,16000  ,QUOTES SEGURETAT SOCIAL                           ,,1    ,1     ,21530.64,0,,-61.66
2025,031  ,171  ,634    ,INVERSIÓ ELEMENTS DE TRANSPORT                    ,031,171  ,634   ,20000,185739,,17425.16
2025,031  ,912  ,10000  ,RETRIBUCIONS BÀSIQUES ÒRGANS DE GOVERN            ,,9    ,1     ,66588.76,0,,33294.38
2025,031  ,912  ,16000  ,QUOTES SEGURETAT SOCIAL                           ,,9    ,1     ,18845.88,0,,8180.2
2025,031  ,920  ,22101  ,CONSUM AIGUA EDIFICIS MPALS                       ,,9    ,221   ,45920,0,,0
2025,032  ,161  ,44901  ,TRANSF CORRENTS REBUTS APSA FAMILIES VULNERABLES  ,032,161  ,44901 ,25000,0,,0
2025,032  ,170  ,11000  ,RETRIBUCIONS BÀSIQUES PERSONAL EVENTUAL           ,,1    ,1     ,83092.21,0,,41461.62
2025,032  ,170  ,12000  ,SOUS DEL GRUP A1                                  ,,1    ,1     ,35120.88,0,,8780.21
2025,032  ,170  ,12001  ,SOUS DEL GRUP A2                                  ,,1    ,1     ,23162.7,0,,7720.88
2025,032  ,170  ,12003  ,SOUS DEL GRUP C1                                  ,,1    ,1     ,47306.56,0,,22263.97
2025,032  ,170  ,12004  ,SOUS DEL GRUP C2                                  ,,1    ,1     ,30073.92,0,,11749.31
2025,032  ,170  ,12006  ,TRIENNIS                                          ,,1    ,1     ,19679.78,0,,8996.73
2025,032  ,170  ,12100  ,COMPLEMENT DE DESTINACIÓ                          ,,1    ,1     ,62625.5,0,,23326.27
2025,032  ,170  ,12101  ,COMPLEMENT ESPECÍFIC                              ,,1    ,1     ,149333.52,0,,53900.71
2025,032  ,170  ,13000  ,RETRIBUCIONS BÀSIQUES PERSONAL LABORAL FIX        ,,1    ,1     ,201127.46,0,,94033.88
2025,032  ,170  ,16000  ,QUOTES SEGURETAT SOCIAL                           ,,1    ,1     ,198970.42,0,,62512.8
2025,044  ,231  ,22199  ,SUBMINISTRAMENT AREA                              ,044,23   ,22    ,2000,4785.55,,6540.05
2025,031  ,1501 ,13001  ,HORES EXTRAORDINÀRIES PERSONAL LABORAL FIX        ,,1    ,1     ,5000,0,,6357.1
2025,051  ,2411 ,12100  ,COMPLEMENT DE DESTINACIÓ                          ,,2    ,1     ,40418.14,3036,,20160.46
2025,051  ,2411 ,12101  ,COMPLEMENT ESPECÍFIC                              ,,2    ,1     ,99100.96,8629,,49572.03
2025,051  ,2411 ,13000  ,RETRIBUCIONS BÀSIQUES PERSONAL LABORAL FIX        ,,2    ,1     ,83030.87,0,,41477.81
2025,051  ,2411 ,16000  ,QUOTES SEGURETAT SOCIAL                           ,,2    ,1     ,122852.09,6966,,43905.15
2025,051  ,2412 ,12001  ,SOUS DEL GRUP A2                                  ,051,2412 ,12001 ,305497.94,177675.38,,200806.09
2025,051  ,2412 ,12006  ,TRIENNIS                                          ,051,2412 ,12006 ,48768.38,615.69,,26183.12
2025,051  ,2412 ,12100  ,COMPLEMENT DE DESTINACIÓ                          ,051,2412 ,12100 ,124978.3,66010,,81581.44
2025,051  ,2412 ,12101  ,COMPLEMENT ESPECÍFIC                              ,051,2412 ,12101 ,245796.04,107720.64,,156793.5
2025,051  ,2412 ,13000  ,RETRIBUCIONS BÀSIQUES PERSONAL LABORAL            ,051,2412 ,13000 ,170398.98,0,,85114.25
2025,051  ,2412 ,16000  ,QUOTES SEGURETAT SOCIAL                           ,051,2412 ,16000 ,285787.29,119669.49,,120813.94
2025,051  ,2412 ,22199  ,SUBMINISTRAMENTS DIVERSOS -FORMACIÓ I OCUPACIÓ    ,051,2412 ,22199 ,8000,48350,,5645.27
2025,051  ,2412 ,221991 ,SUBMINISTRAMENTS DIVERSOS OCUPACIÓ                ,051,2412 ,221991,8000,1500,,3035.04
2025,051  ,2412 ,224    ,ASSEGURANCES                                      ,051,2412 ,224   ,4500,650,,1106.43
2025,051  ,2412 ,226021 ,PUBLICITAT I DIFUSIÓ  FORMACIÓ                    ,051,2412 ,226021,500,0,,0
2025,051  ,2412 ,226022 ,PUBLICITAT I DIFUSIÓ  OCUPACIÓ                    ,051,2412 ,226022,500,3000,,0
2025,051  ,2412 ,22699  ,DESP VARIES -FORMACIÓ I OCUPACIÓ                  ,051,2412 ,22699 ,2000,0,,292.3
2025,051  ,2412 ,226992 ,DESP VARIES -OCUPACIÓ                             ,051,2412 ,226992,1000,800,,298.64
2025,051  ,2412 ,48911  ,BEQUES ALUMNES PROGRAMES                          ,051,2412 ,48911 ,100,0,,0
2025,051  ,2413 ,16000  ,QUOTES SEGURETAT SOCIAL                           ,051,2413 ,16000 ,169388.71,0,,18727.48
2025,051  ,2413 ,48901  ,TR CORRENTS EMPRESA INSERCIO SAOPRAT SL           ,051,2413 ,48901 ,155000,66000,,159000
2025,051  ,2413 ,48902  ,TR. CORRENTS FUNDACIO CASSIA JUST                 ,051,2413 ,48902 ,62000,24800,,62000
2025,044  ,231  ,22102  ,CONSUM GAS EDIFICIS SERVEIS SOCIALS               ,,2    ,221   ,14639,869.69,,5451.53
2025,051  ,2413 ,48903  ,TR CORRENTS CPS FRANCESC PALAU                    ,051,2413 ,48903 ,95000,38000,,95000
2025,051  ,2413 ,48904  ,TRANSF CORRENTS GATS (LABESOC)                    ,051,2413 ,48904 ,20000,40000,,40000
2025,051  ,2413 ,48905  ,TR CORR FUNDACIO CATALANA DE L'ESPLAI             ,051,2413 ,48905 ,70000,28000,,28000
2025,051  ,2413 ,48906  ,"TRANSF CORRENTS, AJUTS A LA CONTRACTACIÓ          ",051,2413 ,48906 ,140000,159000,,76405.98
2025,051  ,2413 ,48912  ,TRANSF CORRENTS ECONOMIA SOCIAL I COOPERATIVA     ,051,2413 ,48912 ,40000,12318,,7715.08
2025,051  ,2413 ,48915  ,TRANSF CORRENTS COOPERATIVA OBRERA DE VIVENDES    ,051,2413 ,48915 ,11000,4400,,11000
2025,051  ,2413 ,48917  ,TRANSF CORRENTS COOPERATIVA AGRÍCOLA              ,051,2413 ,48917 ,40000,16000,,16000
2025,051  ,2413 ,48918  ,TRANSF CORRENTS FUNDACIÓ SEIRA                    ,051,2413 ,48918 ,100,0,,0
2025,051  ,2413 ,48920  ,TRANSF CORRENTS E I ES IM-PERFECT FOOD S.L.       ,051,2413 ,48920 ,100000,0,,60000
2025,051  ,2414 ,1430   ,PLANS OCUPACIO SOC                                ,051,2414 ,1430  ,56021,598216.25,,363774.77
2025,051  ,2414 ,16000  ,QUOTES SEGURETAT SOCIAL SOC                       ,051,2414 ,16000 ,18693.12,210915.82,,89796.08
2025,051  ,2415 ,1430   ,PLANS OCUPACIÓ AMB                                ,051,2415 ,1430  ,18000,47900,,0
2025,051  ,2415 ,16000  ,QUOTES SEGURETAT AMB                              ,051,2415 ,16000 ,8156.5,16100,,0
2025,051  ,2416 ,1430   ,PLANS OCUPACIO DIPUTACIÓ                          ,051,2416 ,1430  ,18000,144248.1,,35893.32
2025,051  ,2416 ,16000  ,QUOTES SEGURETAT SOCIAL DIBA                      ,051,2416 ,16000 ,8156.5,52170.2,,7276.98
2025,051  ,433  ,12001  ,SOUS DEL GRUP A2                                  ,,4    ,1     ,72904.84,0,,28699.97
2025,051  ,433  ,12003  ,SOUS DEL GRUP C1                                  ,,4    ,1     ,41393.22,0,,20276.86
2025,051  ,433  ,12006  ,TRIENNIS                                          ,,4    ,1     ,16851.9,0,,8794.64
2025,051  ,433  ,12100  ,COMPLEMENT DE DESTINACIÓ                          ,,4    ,1     ,47718.92,0,,21148.34
2025,051  ,433  ,12101  ,COMPLEMENT ESPECÍFIC                              ,,4    ,1     ,97590.84,0,,42681.45
2025,051  ,433  ,13000  ,RETRIBUCIONS BÀSIQUES PERSONAL LABORAL            ,,4    ,1     ,94183.34,0,,45110.3
2025,031  ,920  ,633    ,INVERSIÓ EN MATERIAL INVENTARIABLE MAQUINARIA     ,031,920  ,633   ,5000,0,,4846.44
2025,012  ,221  ,16205  ,ASSEGURANÇA VIDA I ACCIDENTS                      ,,2    ,1     ,131491.46,0,,131491.46
2025,032  ,170  ,22602  ,DESP DIFUSIÓ AMBIENTAL                            ,032,17   ,22    ,5000,0,,100
2025,032  ,170  ,227991 ,CONTR PREST SERV PLATJA                           ,032,17   ,22    ,24000,0,,5445
2025,032  ,170  ,227993 ,ESTUDIS I TREBALLS TÈCNICS                        ,032,17   ,22    ,36000,0,,0
2025,032  ,170  ,46602  ,QUOTA MEMBRE ASSOC RED CLIMA I RED BIODIVERSITAT  ,032,170  ,46602 ,1000,0,,1000
2025,032  ,170  ,46603  ,QUOTA MEMBRE ASSOCIACIO MUNICIPIS ENERGIA PUBLICA ,032,170  ,46603 ,3300,0,,0
2025,032  ,170  ,48904  ,TRANSF CORRENT CRAM                               ,032,170  ,48904 ,30000,12000,,30000
2025,032  ,170  ,48905  ,TRANSF CORRENTS ACCIÓ AMBIENTAL  AGRUP FOTOGRAF   ,032,170  ,48905 ,2500,921.2,,921.2
2025,032  ,1721 ,12000  ,SOUS DEL GRUP A1                                  ,,1    ,1     ,17560.44,0,,8780.22
2025,032  ,1721 ,12006  ,TRIENNIS                                          ,,1    ,1     ,6172.28,0,,3086.14
2025,032  ,1721 ,12100  ,COMPLEMENT DE DESTINACIÓ                          ,,1    ,1     ,8540,0,,4270
2025,032  ,1721 ,12101  ,COMPLEMENT ESPECÍFIC                              ,,1    ,1     ,14667.66,0,,7333.83
2025,032  ,1721 ,13000  ,RETRIBUCIONS BÀSIQUES PERSONAL LABORAL FIX        ,,1    ,1     ,30892.46,0,,15446.23
2025,032  ,1721 ,16000  ,QUOTES SEGURETAT SOCIAL                           ,,1    ,1     ,26473.92,0,,10334.8
2025,032  ,1721 ,22199  ,GESTIÓ-ESPAIS NATURALS                            ,032,17   ,22    ,5000,19719.05,,20384.76
2025,032  ,1722 ,22601  ,DESPESES DIVERSES                                 ,032,17   ,22    ,450,0,,126.75
2025,032  ,1722 ,22701  ,ESTUDIS I TREBALLS TÈCNICS                        ,032,17   ,22    ,30650,0,,0
2025,032  ,1722 ,467    ,APORT. CONSORCI ESPAIS NATURALS DEL DELTA         ,032,1722 ,467   ,60000,0,,45000
2025,014  ,150  ,640    ,"REDACCIÓ DE PROJECTES, ESTUDIS, DIRECCIONS OBRES  ",014,150  ,640   ,195000,427278.18,,65740.78
2025,032  ,419  ,2279901,ESTRATÈGIA ALIMENTACIÓ SOSTENIBLE                 ,032,41   ,22    ,7000,0,,0
2025,032  ,419  ,46601  ,QUOTA MEMBRE ASSOC RED DE CIUDADES POR LA AGRC    ,032,419  ,46601 ,1000,0,,1000
2025,032  ,419  ,48901  ,TRANSF CORRENT PARC AGRARI                        ,032,419  ,48901 ,21000,0,,21000
2025,032  ,419  ,48902  ,TRANSF CORRENT ESPIGOLADORS                       ,032,419  ,48902 ,12000,4800,,12000
2025,032  ,419  ,48905  ,APORTACIÓ FUNDACIÓ POTA BLAVA                     ,032,419  ,48905 ,30000,0,,0
2025,041  ,3200 ,12000  ,SOUS DEL GRUP A1                                  ,,3    ,1     ,23162.7,0,,0
2025,041  ,3200 ,12001  ,SOUS DEL GRUP A2                                  ,,3    ,1     ,30883.52,0,,28087.41
2025,041  ,3200 ,12003  ,SOUS DEL GRUP C1                                  ,,3    ,1     ,11826.64,0,,4240.5
2025,041  ,3200 ,12004  ,SOUS DEL GRUP C2                                  ,,3    ,1     ,40098.56,0,,17611.41
2025,041  ,3200 ,12006  ,TRIENNIS                                          ,,3    ,1     ,13238.76,0,,7955.59
2025,041  ,3200 ,12100  ,COMPLEMENT DE DESTINACIÓ                          ,,3    ,1     ,48198.08,0,,22263.48
2025,041  ,3200 ,12101  ,COMPLEMENT ESPECÍFIC                              ,,3    ,1     ,128441.32,0,,60064.78
2025,041  ,3200 ,16000  ,QUOTES SEGURETAT SOCIAL                           ,,3    ,1     ,87969.78,0,,35118.74
2025,041  ,3202 ,12000  ,SOUS DEL GRUP A1                                  ,,3    ,1     ,17560.44,0,,4555.69
2025,041  ,3202 ,12001  ,SOUS DEL GRUP A2                                  ,,3    ,1     ,61767.04,0,,30834.54
2025,041  ,3202 ,12006  ,TRIENNIS                                          ,,3    ,1     ,10030.63,0,,4625.54
2025,041  ,3202 ,12100  ,COMPLEMENT DE DESTINACIÓ                          ,,3    ,1     ,34240.36,0,,14915.76
2025,041  ,3202 ,12101  ,COMPLEMENT ESPECÍFIC                              ,,3    ,1     ,69865.6,0,,30576.2
2025,041  ,3202 ,13000  ,RETRIBUCIONS BÀSIQUES PERSONAL LABORAL FIX        ,,3    ,1     ,40012.58,0,,20003.76
2025,032  ,170  ,209    ,CANON FOTOVOLTAIQUES                              ,032,170  ,209   ,1000,0,,0
2025,042  ,334  ,151    ,GRATIFICACIÓ SERVEIS FUNCIONARIS                  ,,3    ,1     ,900,0,,1674.76
2025,042  ,334  ,16000  ,QUOTES SEGURETAT SOCIAL                           ,,3    ,1     ,218988.36,0,,88362.07
2025,042  ,334  ,227992 ,DESP DIVERSES ARTS EN VIU                         ,042,334  ,227992,6,152125.71,,28143.43
2025,042  ,334  ,227994 ,ARTS VISUALS (CONTR PREST SERVEIS)                ,042,33   ,22    ,25000,0,,0
2025,042  ,334  ,48901  ,TRANSF CORRENTS DINAMITZACIÓ MOV ASSOCIATIU       ,042,334  ,48901 ,16000,6709.55,,15078.95
2025,042  ,334  ,48902  ,TRANSF CORRENTS L'ATÒMICA                         ,042,334  ,48902 ,214900,46000,,151473.4
2025,042  ,334  ,48903  ,TRANSF CORRENTS - PROJECTES EXTRAORDINARIS        ,042,334  ,48903 ,5000,0,,900
2025,042  ,334  ,48905  ,TRANSF CORRENT BANDA DE MUSICA DEL PRAT           ,042,334  ,48905 ,12000,4800,,12000
2025,042  ,334  ,48906  ,TRANSF CORRENT UNIÓ FILHARMÒNICA                  ,042,334  ,48906 ,12000,4800,,11997.69
2025,042  ,334  ,48909  ,TRANSF CORRENT FEDERACIÓ EL NUS                   ,042,334  ,48909 ,20000,8000,,20000
2025,042  ,334  ,48910  ,TRANSF CORRENTS ASSOCIACIÓ GEGANTERA DEL PRAT     ,042,334  ,48910 ,6000,2400,,5932.2
2025,042  ,334  ,48911  ,TRANSF CORRENTS TEATRE KADDISH                    ,042,334  ,48911 ,59000,11800,,47200
2025,042  ,334  ,48912  ,TRANSF CORRENT COLLA DIABLES DEL PRAT             ,042,334  ,48912 ,12000,4800,,12000
2025,042  ,334  ,48913  ,TRANSF CORRENT ASSOCIACIÓ GEGANTERA DELTA         ,042,334  ,48913 ,3000,1200,,2287.03
2025,042  ,334  ,48915  ,TRANSF CORRENT FEDERACIÓ EXTREMEÑA                ,042,334  ,48915 ,2500,0,,1500
2025,042  ,334  ,48916  ,TRANSF CORRENT CENTRE D'ESTUDIS COMARC            ,042,334  ,48916 ,4500,1800,,4500
2025,042  ,334  ,48917  ,TRANSF CORRENT CASA DE ANDALUCIA                  ,042,334  ,48917 ,8500,3400,,8499.16
2025,042  ,334  ,48918  ,TRANSF CORRENT CASA DE ARAGÓN                     ,042,334  ,48918 ,11500,4600,,11475.99
2025,042  ,334  ,48919  ,TRANSF CORRENT CASTELLERS DEL PRAT                ,042,334  ,48919 ,12000,4800,,12000
2025,044  ,2315 ,227991 ,PREST SERVEIS PLA ACTUACIÓ SANT COSME             ,044,23   ,22    ,130000,0,,0
2025,021  ,161  ,619    ,MILLORA INFRAESTRUCTURA I BENS US GENERAL         ,021,161  ,619   ,669713.49,616406.69,,262130.64
2025,063  ,135  ,22706  ,ESTUDIS I TREBALLS TÈCNICS PROTECCIÓ CIVIL        ,063,13   ,22    ,15000,0,,0
2025,012  ,920  ,489    ,BEQUES PERSONAL COL·LABORADOR                     ,012,920  ,489   ,32000,0,,9302.3
2025,044  ,2311 ,48911  ,TRANSF CORRENTS SUPORT ALLOTJAMENTS               ,044,2311 ,48911 ,182680,3795.17,,113735.42
2025,063  ,2316 ,227996 ,PRESTACIÓ SERVEIS DINAMITZACIÓ COMUNITARIA        ,063,23   ,22    ,25000,544.5,,5230.84
2025,012  ,920  ,227064 ,ESTUDIS I TREBALLS TECNICS SER CENTRALS I ECONOMIA,012,92   ,22    ,125400,0,,13567.13
2025,012  ,920  ,22104  ,VESTUARI                                          ,012,92   ,22    ,25000,0,,1211.55
2025,061  ,3425 ,22102  ,CONSUM GAS CEM FONDO D'EN PEIXO                   ,,3    ,221   ,48421,1134.28,,22880.79
2025,042  ,334  ,48920  ,TRANSF CORRENT AMICS DEL PRAT                     ,042,334  ,48920 ,8000,2600,,6677.63
2025,042  ,334  ,48922  ,TRANSF CORRENTS SCR LO LLOBREGAT DE LES FLORS     ,042,334  ,48922 ,5100,2040,,5100
2025,042  ,334  ,48923  ,TRANSF CORRENTS AGRUPACIÓ FOTOGRÀFICA PRAT        ,042,334  ,48923 ,2350,940,,2350
2025,042  ,334  ,48924  ,TRANSF CORRENTS AMICS DE LA SARDANA               ,042,334  ,48924 ,5100,2040,,5100
2025,042  ,334  ,48925  ,TRANSF CORRENTS LES CARXOFES DEL PRAT             ,042,334  ,48925 ,3000,1180.8,,2920.8
2025,042  ,334  ,48926  ,TRANSF CORRENTS BALL DE DIABLES                   ,042,334  ,48926 ,6000,0,,3600
2025,042  ,336  ,2260901,ACTIVITATS MEMÒRIA HISTÒRICA                      ,042,33   ,22    ,4000,0,,0
2025,044  ,1522 ,780    ,TRANSF CAP ASCENSORS ST COSME                     ,044,1522 ,780   ,95698,0,,0
2025,044  ,231  ,22101  ,CONSUM AIGUA EDIFICIS SERVEIS SOCIALS             ,,2    ,221   ,8053,0,,0
2025,044  ,231  ,226992 ,ALTRES DESPESES SERVEIS SOCIALS                   ,044,23   ,22    ,5000,0,,805.21
2025,044  ,231  ,464    ,CONVENI AMB URGÈNCIA SOCIAL  (CUESB)              ,044,231  ,464   ,49711,0,,49710.84
2025,044  ,2310 ,11000  ,RETRIBUCIONS BÀSIQUES PERSONAL EVENTUAL           ,,2    ,1     ,81607.15,0,,40747.25
2025,044  ,2310 ,12000  ,SOUS DEL GRUP A1                                  ,,2    ,1     ,52681.32,0,,26038.63
2025,044  ,2310 ,12001  ,SOUS DEL GRUP A2                                  ,,2    ,1     ,109012.32,0,,59154.5
2025,044  ,2310 ,12003  ,SOUS DEL GRUP C1                                  ,,2    ,1     ,65046.5,0,,27893.78
2025,044  ,2310 ,12004  ,SOUS DEL GRUP C2                                  ,,2    ,1     ,106159.66,0,,58358.99
2025,044  ,2310 ,12006  ,TRIENNIS                                          ,,2    ,1     ,47823.11,0,,22888.43
2025,044  ,2310 ,12100  ,COMPLEMENT DE DESTINACIÓ                          ,,2    ,1     ,157970.69,0,,79851.3
2025,044  ,2310 ,12101  ,COMPLEMENT ESPECÍFIC                              ,,2    ,1     ,365141.35,70000,,181846.09
2025,044  ,2310 ,13000  ,RETRIBUCIONS BÀSIQUES PERSONAL LABORAL FIX        ,,2    ,1     ,355417.7,0,,136985.3
2025,031  ,171  ,619    ,MILLORA INFRAESTRUCTURA I BENS US GENERAL         ,031,171  ,619   ,864000,214015.55,,229891.3
2025,063  ,2311 ,227997 ,SALUT MENTAL COMUNITARIA                          ,063,23   ,22    ,71524,0,,18802
2025,021  ,1521 ,44901  ,TRANSF CORRENTS GESTIO CONVENI HABITATGE          ,021,1521 ,44901 ,0,0,,0
2025,051  ,433  ,16000  ,QUOTES SEGURETAT SOCIAL                           ,,4    ,1     ,115421.04,0,,37296.58
2025,051  ,433  ,22199  ,SUBMINISTRAMENTS DIVERSOS                         ,051,43   ,22    ,2500,0,,0
2025,051  ,433  ,22699  ,DESP VÀRIES ACTIVITAT ECONÒMICA                   ,051,43   ,22    ,700,0,,150
2025,051  ,433  ,227991 ,CONTR PREST SERVEIS DESENV SECTORS ESTRATÈGICS    ,051,43   ,22    ,50000,0,,0
2025,051  ,433  ,465    ,TRANSFERÈNCIES CORRENTS CONSELL COMARCAL BAIX LLOB,051,433  ,465   ,16500,0,,0
2025,051  ,433  ,46601  ,QUOTA MEMBRE ASSOC PACTE INDUST REGIO METROP  BARC,051,433  ,46601 ,4000,0,,3856.09
2025,051  ,433  ,46602  ,QUOTA MEMBRE XARXA EL PERFIL DE LA CIUTAT AJ TERRA,051,433  ,46602 ,600,0,,0
2025,051  ,433  ,47901  ,QUOTA MEMBRE SOCI  C BARCELONA CENTRE LOGISTIC CAT,051,433  ,47901 ,1300,0,,1210
2025,051  ,433  ,48907  ,"TRANSF CORRENTS, AJUTS EMPRENEDORIA               ",051,433  ,48907 ,120000,0,,0
2025,051  ,433  ,48914  ,EL PRAT EMPREN MARTA MAYORDOMO                    ,051,433  ,48914 ,12000,0,,9000
2025,051  ,433  ,48916  ,QUOTA MEMBRE ASSOCIACIO INNOBAIX                  ,051,433  ,48916 ,5000,0,,5000
2025,051  ,912  ,10000  ,RETRIBUCIONS BÀSIQUES ÒRGANS DE GOVERN            ,,9    ,1     ,66588.76,0,,33294.38
2025,051  ,912  ,16000  ,QUOTES SEGURETAT SOCIAL                           ,,9    ,1     ,18845.88,0,,8180.2
2025,052  ,430  ,12001  ,SOUS DEL GRUP A2                                  ,,4    ,1     ,30744.06,0,,0
2025,052  ,430  ,12100  ,COMPLEMENT DE DESTINACIÓ                          ,,4    ,1     ,18247.42,0,,1117.6
2025,052  ,430  ,12101  ,COMPLEMENT ESPECÍFIC                              ,,4    ,1     ,40852.48,0,,2833.18
2025,052  ,430  ,16000  ,QUOTES SEGURETAT SOCIAL                           ,,4    ,1     ,33212.34,0,,-2774.5
2025,052  ,430  ,22199  ,SUBM DIVERSOS DINAMITZACIÓ COMERCIAL              ,052,43   ,22    ,12000,0,,0
2025,052  ,430  ,227991 ,CONTR PREST SERVEIS PLA ESTRATÈGIC COMERÇ         ,052,43   ,22    ,90000,0,,0
2025,052  ,430  ,489    ,TRANSF CORRENTS COMERÇ                            ,052,430  ,489   ,12000,1920,,4506.97
2025,052  ,430  ,48902  ,TRANSF CORRENTS MILLORA COMERÇ QUALITAT           ,052,430  ,48902 ,40000,11159.19,,7104.72
2025,052  ,430  ,48903  ,TRANSF CORRENTS CONVENI PRAT GRAN COMERÇ          ,052,430  ,48903 ,27000,12000,,11957.58
2025,014  ,933  ,622    ,INVERSIO NOVA EN EQUIPAMENTS I SERVEIS            ,014,933  ,622   ,7190235.1,482007.05,,769991.29
2025,021  ,1521 ,44902  ,TRANSF SERVEIS OFICINA D'HABITATGE                ,021,1521 ,44902 ,907143,175766.02,,120000
2025,051  ,2412 ,227991 ,CONTR PREST SERVEIS OCUPACIÓ                      ,051,2412 ,227991,10000,144767.95,,20290.5
2025,061  ,3411 ,48902  ,CONVENI CB PRAT PROMOCIÓ BASQUET                  ,061,3411 ,48902 ,248000,0,,189400
2025,041  ,326  ,48912  ,TRANSF CORRENTS LLAR D'INFANTS DUMBO              ,041,326  ,48912 ,4028,0,,0
2025,041  ,3231 ,221021 ,SUBMINISTRAMENT GAS-ESCOLA BRESSOL                ,,3    ,221   ,2736,226.26,,2507.45
2025,041  ,3232 ,221022 ,ESCOLES-SUBM. GAS                                 ,,3    ,221   ,177448,3545.46,,51932.86
2025,061  ,3421 ,22102  ,CONSUM GAS CEMS                                   ,,3    ,221   ,107772,17117.22,,67178.74
2025,061  ,3423 ,22102  ,CONSUM GAS CEM ESTRUCH                            ,,3    ,221   ,105743,31452.12,,82692.47
2025,061  ,3424 ,22102  ,CONSUM GAS CEM JULIO MÉNDEZ                       ,,3    ,221   ,16048,2865.72,,9231.56
2025,062  ,3113 ,227991 ,PREST SERV CONTROL SANITARI ANIMAL                ,062,31   ,22    ,68000,0,,2450.25
2025,042  ,330  ,226022 ,DESP DIVERSES SERVEI DE CULTURA                   ,042,33   ,22    ,10000,0,,1600
2025,014  ,1532 ,619    ,INV MILLORA INFRAESTRUCT BÉNS ÚS GRAL(ESPAI PUBLIC,014,1532 ,619   ,828900,1775922.04,,263655.27
2025,011  ,336  ,22609  ,CONSERVACIÓ I RESTAURACIÓ DOCUMENTACIÓ            ,011,33   ,22    ,9000,0,,0
2025,052  ,430  ,780    ,TRANSF CAPITAL COMERÇ PER A FOMENT ACCESSIBILITAT ,052,430  ,780   ,20000,0,,0
2025,061  ,3421 ,12003  ,SOUS DEL GRUP C1                                  ,,3    ,1     ,11826.64,0,,5913.32
2025,061  ,3421 ,12004  ,SOUS DEL GRUP C2                                  ,,3    ,1     ,10024.64,0,,5012.32
2025,061  ,3421 ,12005  ,SOUS DEL GRUP E                                   ,,3    ,1     ,45936.1,0,,22968.04
2025,061  ,3421 ,12006  ,TRIENNIS                                          ,,3    ,1     ,25641.66,0,,12182.32
2025,061  ,3421 ,120099 ,RETRIBUCIONS BÀSIQUES SUPLÈNCIES                  ,,3    ,1     ,16500,0,,9588.17
2025,061  ,3421 ,12100  ,COMPLEMENT DE DESTINACIÓ                          ,,3    ,1     ,51513.14,0,,25756.56
2025,061  ,3421 ,12101  ,COMPLEMENT ESPECÍFIC                              ,,3    ,1     ,138242.72,0,,69121.39
2025,061  ,3421 ,121031 ,ALTRES COMPLEMENTS                                ,,3    ,1     ,2600,0,,3533.52
2025,061  ,3421 ,121039 ,RETRIBUCIONS COMPLEMENTÀRIES SUPLÈNCIES           ,,3    ,1     ,30900,0,,17598.81
2025,061  ,3421 ,13000  ,RETRIBUCIONS BÀSIQUES PERSONAL LABORAL FIX        ,,3    ,1     ,166742.9,0,,92426.76
2025,061  ,3421 ,13001  ,HORES EXTRAORDINÀRIES PERSONAL LABORAL FIX        ,,3    ,1     ,800,0,,1859.53
2025,061  ,3421 ,13002  ,ALTRES REMUNERACIONS PERSONAL LABORAL FIX         ,,3    ,1     ,7431.29,0,,4362.57
2025,061  ,3421 ,13199  ,RETRIBUCIONS PERSONAL LABORAL TEMPORAL-SUPLÈNCIES ,,3    ,1     ,8700,0,,1975
2025,061  ,3421 ,151    ,GRATIFICACIÓ SERVEIS FUNCIONARIS                  ,,3    ,1     ,10000,0,,5331.01
2025,061  ,3421 ,16000  ,QUOTES SEGURETAT SOCIAL                           ,,3    ,1     ,160005.9,0,,79837.71
2025,061  ,3423 ,12001  ,SOUS DEL GRUP A2                                  ,,3    ,1     ,15441.76,0,,7720.88
2025,061  ,3423 ,12005  ,SOUS DEL GRUP E                                   ,,3    ,1     ,55123.18,0,,28449.94
2025,061  ,3423 ,12006  ,TRIENNIS                                          ,,3    ,1     ,8442.44,0,,4356.49
2025,061  ,3423 ,120099 ,RETRIBUCIONS BÀSIQUES SUPLÈNCIES                  ,,3    ,1     ,15700,0,,5840.94
2025,061  ,3423 ,12100  ,COMPLEMENT DE DESTINACIÓ                          ,,3    ,1     ,28618.24,0,,14832.68
2025,061  ,3423 ,12101  ,COMPLEMENT ESPECÍFIC                              ,,3    ,1     ,90473.04,0,,46668.35
2025,061  ,3423 ,121031 ,ALTRES COMPLEMENTS                                ,,3    ,1     ,1500,0,,3510.5
2025,041  ,3231 ,12001  ,SOUS DEL GRUP A2                                  ,,3    ,1     ,77208.8,0,,31696.46
2025,041  ,3231 ,12003  ,SOUS DEL GRUP C1                                  ,,3    ,1     ,70959.84,0,,17739.96
2025,041  ,3231 ,12005  ,SOUS DEL GRUP E                                   ,,3    ,1     ,18374.44,0,,4593.61
2025,041  ,3231 ,12006  ,TRIENNIS                                          ,,3    ,1     ,21907.23,0,,8233.52
2025,041  ,3231 ,120099 ,RETRIBUCIONS BÀSIQUES SUPLÈNCIES                  ,,3    ,1     ,15000,0,,12288.15
2025,041  ,3231 ,12100  ,COMPLEMENT DE DESTINACIÓ                          ,,3    ,1     ,72735.6,0,,23111.71
2025,041  ,3231 ,12101  ,COMPLEMENT ESPECÍFIC                              ,,3    ,1     ,166844.02,0,,51749.53
2025,041  ,3231 ,121039 ,RETRIBUCIONS COMPLEMENTÀRIES SUPLÈNCIES           ,,3    ,1     ,20000,0,,16691.14
2025,041  ,3231 ,13000  ,RETRIBUCIONS BÀSIQUES PERSONAL LABORAL FIX        ,,3    ,1     ,64949.06,0,,31991.67
2025,041  ,3231 ,13199  ,RETRIBUCIONS PERSONAL LABORAL TEMPORAL-SUPLÈNCIES ,,3    ,1     ,16000,0,,13856.82
2025,041  ,3231 ,16000  ,QUOTES SEGURETAT SOCIAL                           ,,3    ,1     ,157283.25,0,,39877.87
2025,041  ,3231 ,221011 ,CONSUM AIGUA ESCOLA BRESSOL                       ,,3    ,221   ,2022,0,,0
2025,041  ,3231 ,489    ,TRANSF CORRENTS ESCOLES BRESSOL                   ,041,32   ,48    ,47000,1013.48,,14591.16
2025,041  ,3232 ,12001  ,SOUS DEL GRUP A2                                  ,,3    ,1     ,15441.76,0,,0
2025,041  ,3232 ,12005  ,SOUS DEL GRUP E                                   ,,3    ,1     ,66292.09,0,,20907.65
2025,041  ,3232 ,12006  ,TRIENNIS                                          ,,3    ,1     ,7454.42,0,,1414.6
2025,041  ,3232 ,120099 ,RETRIBUCIONS BÀSIQUES SUPLÈNCIES                  ,,3    ,1     ,24000,0,,9485.43
2025,041  ,3232 ,12100  ,COMPLEMENT DE DESTINACIÓ                          ,,3    ,1     ,30566.7,0,,8002.41
2025,041  ,3232 ,12101  ,COMPLEMENT ESPECÍFIC                              ,,3    ,1     ,89550.51,0,,24771.89
2025,041  ,3232 ,121039 ,RETRIBUCIONS COMPLEMENTÀRIES SUPLÈNCIES           ,,3    ,1     ,38000,0,,15870.67
2025,041  ,3232 ,13000  ,RETRIBUCIONS BÀSIQUES PERSONAL LABORAL FIX        ,,3    ,1     ,246422.61,0,,137867.62
2025,041  ,3202 ,16000  ,QUOTES SEGURETAT SOCIAL                           ,,3    ,1     ,74371.44,0,,25004.09
2025,011  ,336  ,227993 ,SUPORT ARXIVÍSTIC-ORGANITZACIÓ DIPÒSITS           ,011,33   ,22    ,14000,0,,0
2025,011  ,912  ,10000  ,RETRIBUCIONS BÀSIQUES ÒRGANS DE GOVERN            ,,9    ,1     ,77014.56,0,,35785.43
2025,011  ,912  ,16000  ,QUOTES SEGURETAT SOCIAL                           ,,9    ,1     ,15137.28,0,,6573
2025,011  ,912  ,23000  ,ÒRGANS DE GOVERN-DIETES                           ,011,91   ,23    ,2000,0,,164.62
2025,011  ,912  ,23100  ,ÒRGANS DE GOVERN-LOCOMOCIÓ                        ,011,91   ,23    ,6000,0,,3318.59
2025,011  ,9201 ,11000  ,RETRIBUCIONS BÀSIQUES PERSONAL EVENTUAL           ,,9    ,1     ,202143.5,0,,101071.75
2025,011  ,9201 ,12000  ,SOUS DEL GRUP A1                                  ,,9    ,1     ,35120.88,0,,8780.22
2025,011  ,9201 ,12003  ,SOUS DEL GRUP C1                                  ,,9    ,1     ,11826.64,0,,5913.32
2025,011  ,9201 ,12004  ,SOUS DEL GRUP C2                                  ,,9    ,1     ,20049.28,0,,14153.43
2025,011  ,9201 ,12006  ,TRIENNIS                                          ,,9    ,1     ,13185.92,0,,7285.93
2025,011  ,9201 ,12100  ,COMPLEMENT DE DESTINACIÓ                          ,,9    ,1     ,36035.44,0,,15297.9
2025,011  ,9201 ,12101  ,COMPLEMENT ESPECÍFIC                              ,,9    ,1     ,161942.9,0,,57699.38
2025,011  ,9201 ,13000  ,RETRIBUCIONS BÀSIQUES PERSONAL LABORAL FIX        ,,9    ,1     ,115802.08,0,,42978.18
2025,011  ,9201 ,16000  ,QUOTES SEGURETAT SOCIAL                           ,,9    ,1     ,134660.07,0,,49419.73
2025,011  ,9201 ,226012 ,ATENCIONS AGERMANAMENTS                           ,011,92   ,22    ,4900,0,,0
2025,011  ,9201 ,22699  ,DESP DIVERSES ALCALDIA                            ,011,92   ,22    ,14000,0,,1368.14
2025,011  ,9201 ,489    ,TRANSF CORRENTS ALCALDIA                          ,011,9201 ,489   ,3000,0,,0
2025,011  ,9203 ,12000  ,SOUS DEL GRUP A1                                  ,,9    ,1     ,26340.64,0,,7746.85
2025,011  ,9203 ,12004  ,SOUS DEL GRUP C2                                  ,,9    ,1     ,25061.56,0,,10024.64
2025,011  ,9203 ,12006  ,TRIENNIS                                          ,,9    ,1     ,7052.76,0,,3041.64
2025,011  ,9203 ,12100  ,COMPLEMENT DE DESTINACIÓ                          ,,9    ,1     ,31554.14,0,,12302.48
2025,011  ,9203 ,12101  ,COMPLEMENT ESPECÍFIC                              ,,9    ,1     ,114486.68,0,,47076.34
2025,011  ,9203 ,16000  ,QUOTES SEGURETAT SOCIAL                           ,,9    ,1     ,42017.34,0,,12396.93
2025,031  ,920  ,22102  ,CONSUM GAS EDIFICIS MUNICIPALS                    ,,9    ,221   ,6544,1595.61,,-13.79
2025,041  ,326  ,48909  ,TRANSF CORRENTS INSTITUT ESCOLA                   ,041,326  ,48909 ,20365,0,,0
2025,041  ,326  ,48910  ,TRANSF CORRENTS ESCOLA JAUME BALMES               ,041,326  ,48910 ,22456,0,,0
2025,041  ,3232 ,16000  ,QUOTES SEGURETAT SOCIAL                           ,,3    ,1     ,144219.06,0,,51605.27
2025,041  ,3232 ,221012 ,CONSUM AIGUA ESCOLES                              ,,3    ,221   ,68555,0,,0
2025,041  ,326  ,22699  ,DESP DIVERSES SERVEIS COMPLEMENTARIS              ,041,32   ,22    ,3000,0,,330
2025,041  ,326  ,2279904,PRESTACIÓ SERVEIS ACTIV EXTRAESCOLARS ANGLES      ,041,326  ,227990,59994,0,,0
2025,041  ,326  ,227996 ,DINÀMICA EDUCATIVA                                ,041,32   ,22    ,11730,0,,8120.84
2025,041  ,912  ,10000  ,RETRIBUCIONS BÀSIQUES ÒRGANS DE GOVERN            ,,9    ,1     ,66588.76,0,,48012.11
2025,041  ,912  ,16000  ,QUOTES SEGURETAT SOCIAL                           ,,9    ,1     ,18845.88,0,,11881.72
2025,042  ,330  ,467    ,CONSORCI NORMALITZACIÓ LINGÜÍSTICA                ,042,330  ,467   ,66000,0,,33000
2025,042  ,3300 ,12001  ,SOUS DEL GRUP A2                                  ,,3    ,1     ,30883.52,0,,6948.82
2025,042  ,3300 ,12003  ,SOUS DEL GRUP C1                                  ,,3    ,1     ,11826.64,0,,3174.66
2025,042  ,3300 ,12006  ,TRIENNIS                                          ,,3    ,1     ,9422.16,0,,3231.99
2025,042  ,3300 ,12100  ,COMPLEMENT DE DESTINACIÓ                          ,,3    ,1     ,22238.86,0,,4549.37
2025,042  ,3300 ,12101  ,COMPLEMENT ESPECÍFIC                              ,,3    ,1     ,51349.34,0,,9058.89
2025,042  ,3300 ,16000  ,QUOTES SEGURETAT SOCIAL                           ,,3    ,1     ,37874.4,0,,6601.29
2025,042  ,3301 ,12000  ,SOUS DEL GRUP A1                                  ,,3    ,1     ,17560.44,0,,8780.22
2025,042  ,3301 ,12003  ,SOUS DEL GRUP C1                                  ,,3    ,1     ,5913.3,0,,2635.46
2025,042  ,3301 ,12004  ,SOUS DEL GRUP C2                                  ,,3    ,1     ,10024.64,0,,2791.65
2025,042  ,3301 ,12006  ,TRIENNIS                                          ,,3    ,1     ,11695.38,0,,5847.7
2025,042  ,3301 ,12100  ,COMPLEMENT DE DESTINACIÓ                          ,,3    ,1     ,19359.76,0,,8402.45
2025,042  ,326  ,227998 ,ESCOLA D'ARTS EN VIU                              ,042,32   ,22    ,697385,0,,290577
2025,061  ,3412 ,226096 ,DESP FESTA DE LA BICICLETA                        ,061,34   ,22    ,10000,0,,7191.69
2025,044  ,2310 ,16000  ,QUOTES SEGURETAT SOCIAL                           ,,2    ,1     ,416839.82,0,,131794.55
2025,044  ,2311 ,12001  ,SOUS DEL GRUP A2                                  ,,2    ,1     ,555484.98,0,,269843.74
2025,044  ,2311 ,12004  ,SOUS DEL GRUP C2                                  ,,2    ,1     ,10024.64,0,,6355.16
2025,044  ,2311 ,12006  ,TRIENNIS                                          ,,2    ,1     ,61053.3,0,,32357.17
2025,044  ,2311 ,12100  ,COMPLEMENT DE DESTINACIÓ                          ,,2    ,1     ,244121.77,0,,117516.72
2025,044  ,2311 ,12101  ,COMPLEMENT ESPECÍFIC                              ,,2    ,1     ,498958.07,0,,241547.94
2025,044  ,2311 ,13000  ,RETRIBUCIONS BÀSIQUES PERSONAL LABORAL FIX        ,,2    ,1     ,382098.3,0,,161416.61
2025,044  ,2311 ,13199  ,RETRIBUCIONS PERSONAL LABORAL TEMPORAL-SUPLÈNCIES ,,2    ,1     ,17000,0,,0
2025,044  ,2311 ,16000  ,QUOTES SEGURETAT SOCIAL                           ,,2    ,1     ,562137.16,0,,186154.13
2025,044  ,2311 ,2279902,SERVEIS DE SUPORT A LA VIDA AUTONOMA              ,044,23   ,22    ,30000,0,,0
2025,044  ,2311 ,227992 ,CONTR PRESTACIÓ SERVEIS SAD DEPENDÈNCIA           ,044,2311 ,227992,0,144554.18,,144554.18
2025,044  ,2311 ,227994 ,CONTR PRESTACIÓ SERVEIS SAD SOCIAL                ,044,23   ,22    ,0,36972.38,,36972.38
2025,044  ,2311 ,227996 ,PREST SERV LA BOTIGA                              ,044,23   ,22    ,164000,0,,68333.35
2025,044  ,2311 ,227998 ,CONTR SERVEIS ACOLLIMENT RESIDENCIAL URGÈNCIA     ,044,2311 ,227998,67320,0,,0
2025,044  ,2311 ,48901  ,TRANSF CORRENTS CARITAS                           ,044,2311 ,48901 ,25000,10000,,25000
2025,0111 ,491  ,4491   ,APORT. PRAT COMUNICACIÓ SL                        ,011,491  ,4491  ,867509,0,,432000
2025,0111 ,912  ,10000  ,RETRIBUCIONS BÀSIQUES ÒRGANS DE GOVERN            ,,9    ,1     ,63119.56,0,,31559.78
2025,0111 ,912  ,16000  ,QUOTES SEGURETAT SOCIAL                           ,,9    ,1     ,18817.08,0,,8168.55
2025,0111 ,920  ,22200  ,SERVEIS COMUNICACIÓ TELECOMUNICACIONS             ,011,92   ,22    ,175000,19087.28,,65958.76
2025,0111 ,9202 ,11000  ,RETRIBUCIONS BÀSIQUES PERSONAL EVENTUAL           ,,9    ,1     ,77120.12,0,,38560.06
2025,0111 ,9202 ,12001  ,SOUS DEL GRUP A2                                  ,,9    ,1     ,61767.04,0,,28720.4
2025,0111 ,9202 ,12003  ,SOUS DEL GRUP C1                                  ,,9    ,1     ,11826.64,0,,5913.32
2025,0111 ,9202 ,12006  ,TRIENNIS                                          ,,9    ,1     ,9641.62,0,,4892.6
2025,0111 ,9202 ,12100  ,COMPLEMENT DE DESTINACIÓ                          ,,9    ,1     ,35089.04,0,,16514.6
2025,0111 ,9202 ,12101  ,COMPLEMENT ESPECÍFIC                              ,,9    ,1     ,77849.8,0,,37081.33
2025,0111 ,9202 ,13000  ,RETRIBUCIONS BÀSIQUES PERSONAL LABORAL FIX        ,,9    ,1     ,37014.3,0,,18089.38
2025,0111 ,9202 ,16000  ,QUOTES SEGURETAT SOCIAL                           ,,9    ,1     ,93531.24,0,,35818.45
2025,0111 ,9207 ,12000  ,SOUS DEL GRUP A1                                  ,,9    ,1     ,79021.96,0,,26340.66
2025,0111 ,9207 ,12001  ,SOUS DEL GRUP A2                                  ,,9    ,1     ,135360.72,0,,60340.76
2025,0111 ,9207 ,12003  ,SOUS DEL GRUP C1                                  ,,9    ,1     ,47306.56,0,,29318.42
2025,0111 ,9207 ,12006  ,TRIENNIS                                          ,,9    ,1     ,37582.79,0,,19817.31
2025,0111 ,9207 ,12100  ,COMPLEMENT DE DESTINACIÓ                          ,,9    ,1     ,128827.72,0,,57185.75
2025,0111 ,9207 ,12101  ,COMPLEMENT ESPECÍFIC                              ,,9    ,1     ,338943.78,0,,146560.87
2025,0111 ,9207 ,13000  ,RETRIBUCIONS BÀSIQUES PERSONAL LABORAL FIX        ,,9    ,1     ,141077.18,0,,70538.59
2025,0111 ,9207 ,16000  ,QUOTES SEGURETAT SOCIAL                           ,,9    ,1     ,272615.72,0,,101129.41
2025,0111 ,9231 ,12001  ,SOUS DEL GRUP A2                                  ,,9    ,1     ,15441.76,0,,7720.88
2025,0111 ,9231 ,12003  ,SOUS DEL GRUP C1                                  ,,9    ,1     ,11826.64,0,,5913.32
2025,0111 ,9231 ,12004  ,SOUS DEL GRUP C2                                  ,,9    ,1     ,20049.28,0,,10289.23
2025,061  ,342  ,22104  ,VESTUARI PERSONAL ESPORTS                         ,061,34   ,22    ,14520,0,,1856.14
2025,031  ,1500 ,224    ,ASSEGURANCES VEHICLES                             ,031,15   ,22    ,15544,0,,15394.86
2025,012  ,9205 ,12100  ,COMPLEMENT DE DESTINACIÓ                          ,,9    ,1     ,85445.36,0,,37171.58
2025,012  ,9205 ,12101  ,COMPLEMENT ESPECÍFIC                              ,,9    ,1     ,212838.78,0,,93470.77
2025,012  ,9205 ,16000  ,QUOTES SEGURETAT SOCIAL                           ,,9    ,1     ,149564.16,0,,50317.39
2025,012  ,9206 ,12000  ,SOUS DEL GRUP A1                                  ,,9    ,1     ,43901.08,0,,8780.22
2025,012  ,9206 ,12001  ,SOUS DEL GRUP A2                                  ,,9    ,1     ,70547.32,0,,33653.46
2025,012  ,9206 ,12003  ,SOUS DEL GRUP C1                                  ,,9    ,1     ,88575.71,0,,44118.12
2025,012  ,9206 ,12004  ,SOUS DEL GRUP C2                                  ,,9    ,1     ,35086.18,0,,19424.6
2025,012  ,9206 ,12006  ,TRIENNIS                                          ,,9    ,1     ,33868.28,0,,17291.87
2025,012  ,9206 ,12100  ,COMPLEMENT DE DESTINACIÓ                          ,,9    ,1     ,108035.81,0,,48300.64
2025,012  ,9206 ,12101  ,COMPLEMENT ESPECÍFIC                              ,,9    ,1     ,241128.3,0,,104444.67
2025,012  ,9206 ,13000  ,RETRIBUCIONS BÀSIQUES PERSONAL LABORAL FIX        ,,9    ,1     ,175397.02,0,,88719.81
2025,012  ,9206 ,16000  ,QUOTES SEGURETAT SOCIAL                           ,,9    ,1     ,242392.55,0,,90285.91
2025,012  ,9208 ,12000  ,SOUS DEL GRUP A1                                  ,,9    ,1     ,35120.88,0,,26340.66
2025,012  ,9208 ,12004  ,SOUS DEL GRUP C2                                  ,,9    ,1     ,20049.28,0,,10024.64
2025,012  ,9208 ,12006  ,TRIENNIS                                          ,,9    ,1     ,20683.72,0,,10238.32
2025,012  ,9208 ,12100  ,COMPLEMENT DE DESTINACIÓ                          ,,9    ,1     ,24196.76,0,,16258.92
2025,012  ,9208 ,12101  ,COMPLEMENT ESPECÍFIC                              ,,9    ,1     ,68967.08,0,,44432.22
2025,012  ,9208 ,13000  ,RETRIBUCIONS BÀSIQUES PERSONAL LABORAL FIX        ,,9    ,1     ,72725.72,0,,36278.37
2025,012  ,9208 ,16000  ,QUOTES SEGURETAT SOCIAL                           ,,9    ,1     ,71142.36,0,,28550.91
2025,012  ,9209 ,12001  ,SOUS DEL GRUP A2                                  ,,9    ,1     ,15441.76,0,,7720.88
2025,012  ,9209 ,12004  ,SOUS DEL GRUP C2                                  ,,9    ,1     ,10024.64,0,,5012.32
2025,041  ,326  ,48908  ,TRANSF CORRENTS INST LES SALINES                  ,041,326  ,48908 ,5000,0,,0
2025,044  ,2311 ,2279901,SERVEIS DE SUPORT PSICOLOGIC - SERVEIS BÀSICS     ,044,23   ,22    ,38300,6164.76,,22214.41
2025,052  ,912  ,10000  ,RETRIBUCIONS BÀSIQUES ÒRGANS DE GOVERN            ,,9    ,1     ,63119.56,0,,31559.78
2025,052  ,912  ,16000  ,QUOTES SEGURETAT SOCIAL                           ,,9    ,1     ,18817.08,0,,8168.55
2025,061  ,3400 ,11000  ,RETRIBUCIONS BÀSIQUES PERSONAL EVENTUAL           ,,3    ,1     ,77120.12,0,,38560.06
2025,061  ,3400 ,12004  ,SOUS DEL GRUP C2                                  ,,3    ,1     ,10024.64,0,,5012.32
2025,061  ,3400 ,12006  ,TRIENNIS                                          ,,3    ,1     ,3092.12,0,,1546.06
2025,061  ,3400 ,12100  ,COMPLEMENT DE DESTINACIÓ                          ,,3    ,1     ,5109.58,0,,2554.79
2025,061  ,3400 ,12101  ,COMPLEMENT ESPECÍFIC                              ,,3    ,1     ,11916.24,0,,5958.12
2025,061  ,3400 ,16000  ,QUOTES SEGURETAT SOCIAL                           ,,3    ,1     ,28512.6,0,,11673.45
2025,061  ,3401 ,12000  ,SOUS DEL GRUP A1                                  ,,3    ,1     ,17560.44,0,,8780.22
2025,061  ,3401 ,12001  ,SOUS DEL GRUP A2                                  ,,3    ,1     ,7720.94,0,,0
2025,061  ,3401 ,12003  ,SOUS DEL GRUP C1                                  ,,3    ,1     ,23653.28,0,,11826.64
2025,061  ,3401 ,12004  ,SOUS DEL GRUP C2                                  ,,3    ,1     ,20049.28,-9528.96,,5508
2025,061  ,3401 ,12006  ,TRIENNIS                                          ,,3    ,1     ,15371.2,-641.8,,6795.42
2025,061  ,3401 ,12100  ,COMPLEMENT DE DESTINACIÓ                          ,,3    ,1     ,34072.08,-4140.83,,12976.89
2025,061  ,3401 ,12101  ,COMPLEMENT ESPECÍFIC                              ,,3    ,1     ,78700.72,-11963.7,,30133.14
2025,061  ,3401 ,16000  ,QUOTES SEGURETAT SOCIAL                           ,,3    ,1     ,57676.02,0,,20066.2
2025,061  ,3411 ,48901  ,TRANSF CORRENTS ASSOC. ESPORTIU                   ,061,3411 ,48901 ,35000,9889.75,,27723.79
2025,0111 ,9202 ,227997 ,CONT PREST SERVEIS DIGITALS                       ,011,92   ,22    ,55000,0,,11616
2025,0111 ,9231 ,12006  ,TRIENNIS                                          ,,9    ,1     ,11383.73,0,,5388.13
2025,0111 ,9231 ,12100  ,COMPLEMENT DE DESTINACIÓ                          ,,9    ,1     ,22316.42,0,,11223.85
2025,0111 ,9231 ,12101  ,COMPLEMENT ESPECÍFIC                              ,,9    ,1     ,52204.04,0,,26313.77
2025,0111 ,9231 ,16000  ,QUOTES SEGURETAT SOCIAL                           ,,9    ,1     ,40411.56,0,,-1046.03
2025,0111 ,924  ,22706  ,ESTUDIS I TREBALLS TÈCNICS PARTICIPACIÓ           ,011,92   ,22    ,35000,5060.95,,13741.07
2025,0111 ,925  ,12004  ,SOUS DEL GRUP C2                                  ,,9    ,1     ,100246.4,0,,45110.88
2025,0111 ,925  ,12005  ,SOUS DEL GRUP E                                   ,,9    ,1     ,9187.22,0,,4593.61
2025,0111 ,925  ,12006  ,TRIENNIS                                          ,,9    ,1     ,27572.3,0,,12128.96
2025,0111 ,925  ,12100  ,COMPLEMENT DE DESTINACIÓ                          ,,9    ,1     ,53195.94,0,,24043.18
2025,0111 ,925  ,12101  ,COMPLEMENT ESPECÍFIC                              ,,9    ,1     ,166225.22,0,,75488.35
2025,0111 ,925  ,13000  ,RETRIBUCIONS BÀSIQUES PERSONAL LABORAL FIX        ,,9    ,1     ,107997.4,0,,53994.66
2025,0111 ,925  ,16000  ,QUOTES SEGURETAT SOCIAL                           ,,9    ,1     ,129204.99,0,,49543.64
2025,0112 ,419  ,22799  ,PRESTACIÓ SERVEIS PROMOCIÓ DE LA CIUTAT           ,011,41   ,22    ,20200,0,,20119
2025,0112 ,4311 ,22199  ,SUBMINISTRAMENTS DIVERSOS                         ,011,43   ,22    ,17500,0,,0
2025,0112 ,4311 ,22699  ,"DESP DIVERSES FIRA AVÍCOLA, MOSTRA                ",011,43   ,22    ,808,0,,0
2025,0112 ,4311 ,227992 ,PREST SERVEIS ACTIV GASTRONÒMIQUES FIRA           ,011,43   ,22    ,45900,0,,0
2025,0112 ,432  ,13000  ,RETRIBUCIONS BÀSIQUES PERSONAL LABORAL FIX        ,,4    ,1     ,45069.9,0,,22534.95
2025,0112 ,432  ,16000  ,QUOTES SEGURETAT SOCIAL                           ,,4    ,1     ,26103.96,0,,11487.41
2025,0112 ,432  ,22199  ,SUBMINISTRAMENTS DIVERSOS TURISME                 ,011,43   ,22    ,12000,0,,0
2025,0112 ,432  ,22602  ,PUBLICITAT I COMUNICACIÓ TURISME                  ,011,43   ,22    ,18000,0,,2420
2025,044  ,2312 ,22105  ,ALIMENTS RESIDÈNCIA D'AVIS                        ,044,23   ,22    ,85000,522.91,,24541.72
2025,012  ,920  ,22502  ,TRIBUTS DE LES ENTITATS LOCALS                    ,012,92   ,22    ,27500,0,,11731.35
2025,012  ,9209 ,12005  ,SOUS DEL GRUP E                                   ,,9    ,1     ,45935.96,0,,18367.78
2025,012  ,9209 ,12006  ,TRIENNIS                                          ,,9    ,1     ,7753.67,0,,3616.93
2025,012  ,9209 ,120099 ,RETRIBUCIONS BÀSIQUES SUPLÈNCIES                  ,,9    ,1     ,1500,0,,1574.28
2025,012  ,9209 ,12100  ,COMPLEMENT DE DESTINACIÓ                          ,,9    ,1     ,32051.74,0,,13699.6
2025,012  ,9209 ,12101  ,COMPLEMENT ESPECÍFIC                              ,,9    ,1     ,95115.58,0,,40320.74
2025,012  ,9209 ,121039 ,RETRIBUCIONS COMPLEMENTÀRIES SUPLÈNCIES           ,,9    ,1     ,2000,0,,2226.65
2025,012  ,9209 ,13000  ,RETRIBUCIONS BÀSIQUES PERSONAL LABORAL FIX        ,,9    ,1     ,230820.13,0,,117861.92
2025,012  ,9209 ,13199  ,RETRIBUCIONS PERSONAL LABORAL TEMPORAL-SUPLÈNCIES ,,9    ,1     ,40000,0,,18838.59
2025,012  ,9209 ,16000  ,QUOTES SEGURETAT SOCIAL                           ,,9    ,1     ,137875.44,0,,44895.84
2025,012  ,922  ,466    ,TRANSF FMC                                        ,012,922  ,466   ,13000,0,,12710.57
2025,012  ,922  ,46602  ,TRANSF FEMP QUOTA RED EELL ODS                    ,012,922  ,46602 ,4000,0,,2000
2025,012  ,922  ,4661   ,TRANSF ASSOCIACIÓ CATALANA DE MUNICIPIS           ,012,922  ,4661  ,9904,0,,9904
2025,012  ,924  ,22705  ,DESPESES ELECCIONS                                ,012,92   ,22    ,40000,0,,0
2025,012  ,929  ,22699  ,"DESP DIVERSES, INDEMNITZACIONS, ETC               ",012,92   ,22    ,30000,0,,12251.59
2025,012  ,931  ,12000  ,SOUS DEL GRUP A1                                  ,,9    ,1     ,122923.04,0,,52303.67
2025,012  ,931  ,12001  ,SOUS DEL GRUP A2                                  ,,9    ,1     ,15441.76,0,,3486.85
2025,012  ,931  ,12003  ,SOUS DEL GRUP C1                                  ,,9    ,1     ,27659.12,0,,11826.64
2025,012  ,931  ,12004  ,SOUS DEL GRUP C2                                  ,,9    ,1     ,56178.8,0,,28260.85
2025,012  ,931  ,12006  ,TRIENNIS                                          ,,9    ,1     ,30273.09,0,,14479.18
2025,012  ,931  ,12100  ,COMPLEMENT DE DESTINACIÓ                          ,,9    ,1     ,107478.37,0,,47462.48
2025,0111 ,920  ,626    ,MATERIAL INVENTARIABLE. EQUIPS PROCESOS INFORMÀTIC,011,920  ,626   ,758000,101823.81,,102858.87
2025,012  ,931  ,12101  ,COMPLEMENT ESPECÍFIC                              ,,9    ,1     ,306113.28,0,,139809.37
2025,012  ,931  ,16000  ,QUOTES SEGURETAT SOCIAL                           ,,9    ,1     ,182136.7,0,,47929.57
2025,061  ,3411 ,48903  ,CONVENI AE PRAT PROMOCIÓ FUTBOL                   ,061,3411 ,48903 ,162000,0,,111000
2025,042  ,3301 ,12101  ,COMPLEMENT ESPECÍFIC                              ,,3    ,1     ,51802.1,0,,23135.62
2025,042  ,3301 ,16000  ,QUOTES SEGURETAT SOCIAL                           ,,3    ,1     ,28610.52,0,,10176.5
2025,042  ,3321 ,22199  ,BIBLIOTECA - ADQUISICIÓ DE LLIBRES                ,042,33   ,22    ,19200,0,,0
2025,042  ,3322 ,12004  ,SOUS DEL GRUP C2                                  ,,3    ,1     ,10024.64,0,,5012.32
2025,042  ,3322 ,12006  ,TRIENNIS                                          ,,3    ,1     ,1271.46,0,,600
2025,042  ,3322 ,12100  ,COMPLEMENT DE DESTINACIÓ                          ,,3    ,1     ,5109.58,0,,2554.79
2025,042  ,3322 ,12101  ,COMPLEMENT ESPECÍFIC                              ,,3    ,1     ,11044.32,0,,5522.16
2025,042  ,3322 ,13000  ,RETRIBUCIONS BÀSIQUES PERSONAL LABORAL FIX        ,,3    ,1     ,158868.87,0,,79231.65
2025,042  ,3322 ,16000  ,QUOTES SEGURETAT SOCIAL                           ,,3    ,1     ,58088.82,0,,24620.94
2025,042  ,333  ,12005  ,SOUS DEL GRUP E                                   ,,3    ,1     ,9187.22,0,,4593.61
2025,042  ,333  ,12006  ,TRIENNIS                                          ,,3    ,1     ,2262.4,0,,1131.2
2025,042  ,333  ,12100  ,COMPLEMENT DE DESTINACIÓ                          ,,3    ,1     ,3604.86,0,,1802.43
2025,042  ,333  ,12101  ,COMPLEMENT ESPECÍFIC                              ,,3    ,1     ,11861.22,0,,5930.61
2025,042  ,333  ,16000  ,QUOTES SEGURETAT SOCIAL                           ,,3    ,1     ,7073.4,0,,1100.66
2025,042  ,333  ,22101  ,CONSUM AIGUA EDIFICIS CULTURA                     ,,3    ,221   ,17618,0,,0
2025,042  ,334  ,12001  ,SOUS DEL GRUP A2                                  ,,3    ,1     ,108092.32,0,,51564.44
2025,042  ,334  ,12003  ,SOUS DEL GRUP C1                                  ,,3    ,1     ,94613.12,0,,46438.3
2025,042  ,334  ,12004  ,SOUS DEL GRUP C2                                  ,,3    ,1     ,10024.64,0,,0
2025,042  ,334  ,12006  ,TRIENNIS                                          ,,3    ,1     ,45135.46,0,,19121.29
2025,042  ,334  ,12100  ,COMPLEMENT DE DESTINACIÓ                          ,,3    ,1     ,106242.64,0,,47169.75
2025,042  ,334  ,12101  ,COMPLEMENT ESPECÍFIC                              ,,3    ,1     ,234118.64,0,,102181.19
2025,042  ,334  ,13000  ,RETRIBUCIONS BÀSIQUES PERSONAL LABORAL FIX        ,,3    ,1     ,137531.92,0,,82707.88
2025,042  ,334  ,13001  ,HORES EXTRAORDINÀRIES PERSONAL LABORAL FIX        ,,3    ,1     ,800,0,,644.3
2025,061  ,342  ,203    ,RENTING MAQUINARIA FITNESS                        ,061,34   ,20    ,179080,0,,84796.8
2025,012  ,920  ,224    ,ASSEGURANCES                                      ,012,92   ,22    ,430000,137187.21,,441289.85
2025,0112 ,432  ,227991 ,CONTRACTES PRESTACIÓ SERVEIS TURISME              ,011,43   ,22    ,42500,0,,24321
2025,0112 ,432  ,465    ,TRANSF CORRENT CONSORCI TURISME BAIX LLOBREGAT    ,011,432  ,465   ,5918,20000,,25918
2025,0112 ,433  ,48908  ,TRANSF CORRENTS GREMI RESTAURADORS                ,011,433  ,48908 ,5000,0,,0
2025,0112 ,433  ,48915  ,QUOTA MEMBRE FEDERACIO FIRES  DE CATALUNYA        ,011,433  ,48915 ,800,0,,0
2025,0113 ,132  ,22101  ,CONSUM AIGUA SEG CIUTADANA                        ,,1    ,221   ,4132,0,,0
2025,0113 ,132  ,22102  ,COMSUM GAS SEGURETAT CIUTADANA                    ,,1    ,221   ,0,34.29,,34.29
2025,0113 ,132  ,22199  ,"POLICIA LOCAL, SUBM DIVERSOS                      ",011,13   ,22    ,140000,0,,0
2025,0113 ,132  ,224    ,POLICIA LOCAL-ASSEGURANCES                        ,011,13   ,22    ,9600,0,,6766.29
2025,0113 ,132  ,22602  ,PUBLICITAT I PROPAGANDA-SEG.CIUTADANA             ,011,13   ,22    ,1000,0,,0
2025,0113 ,132  ,22699  ,DESPESES DIVERSES - POLICIA LOCAL                 ,011,13   ,22    ,10000,0,,1153.05
2025,0113 ,132  ,23020  ,POLICIA LOCAL - DIETES                            ,011,13   ,23    ,4000,0,,0
2025,0113 ,132  ,23120  ,POLICIA LOCAL - TRASLLATS                         ,011,13   ,23    ,4000,0,,0
2025,0113 ,132  ,481    ,FORMACIÓ I BEQUES                                 ,011,132  ,481   ,10000,0,,0
2025,0113 ,1320 ,11000  ,RETRIBUCIONS BÀSIQUES PERSONAL EVENTUAL           ,,1    ,1     ,82956.24,0,,41478.12
2025,0113 ,1320 ,12000  ,SOUS DEL GRUP A1                                  ,,1    ,1     ,52681.32,0,,8780.22
2025,0113 ,1320 ,12001  ,SOUS DEL GRUP A2                                  ,,1    ,1     ,15441.76,0,,7720.88
2025,0113 ,1320 ,12003  ,SOUS DEL GRUP C1                                  ,,1    ,1     ,1312756.96,0,,596153.56
2025,0113 ,1320 ,12004  ,SOUS DEL GRUP C2                                  ,,1    ,1     ,50123.2,0,,29539.07
2025,0113 ,1320 ,12006  ,TRIENNIS                                          ,,1    ,1     ,233972.19,0,,117306.61
2025,0113 ,1320 ,12100  ,COMPLEMENT DE DESTINACIÓ                          ,,1    ,1     ,705090.12,0,,317426.81
2025,0113 ,1320 ,12101  ,COMPLEMENT ESPECÍFIC                              ,,1    ,1     ,2532448.52,-60000,,1110207.04
2025,0113 ,1320 ,121031 ,ALTRES COMPLEMENTS                                ,,1    ,1     ,272648,0,,203627.06
2025,0113 ,1320 ,124    ,RETRIBUCIONS FUNC PRÀCTIQUES                      ,,1    ,1     ,2575.55,0,,0
2025,012  ,932  ,12000  ,SOUS DEL GRUP A1                                  ,,9    ,1     ,105362.64,0,,46755.24
2025,012  ,932  ,12001  ,SOUS DEL GRUP A2                                  ,,9    ,1     ,24222.08,0,,0
2025,012  ,932  ,12003  ,SOUS DEL GRUP C1                                  ,,9    ,1     ,53219.86,0,,23653.27
2025,012  ,932  ,12004  ,SOUS DEL GRUP C2                                  ,,9    ,1     ,70113.24,0,,32757.21
2025,012  ,932  ,12006  ,TRIENNIS                                          ,,9    ,1     ,68526.78,0,,32132.94
2025,012  ,932  ,12100  ,COMPLEMENT DE DESTINACIÓ                          ,,9    ,1     ,122987.3,0,,50293.74
2025,012  ,932  ,12101  ,COMPLEMENT ESPECÍFIC                              ,,9    ,1     ,354214.47,0,,151901.51
2025,012  ,932  ,16000  ,QUOTES SEGURETAT SOCIAL                           ,,9    ,1     ,219876.65,0,,71098.17
2025,012  ,934  ,12000  ,SOUS DEL GRUP A1                                  ,,9    ,1     ,17560.44,0,,0
2025,012  ,934  ,12003  ,SOUS DEL GRUP C1                                  ,,9    ,1     ,23529.19,0,,17158.05
2025,012  ,934  ,12004  ,SOUS DEL GRUP C2                                  ,,9    ,1     ,20049.28,0,,9465.21
2025,012  ,934  ,12006  ,TRIENNIS                                          ,,9    ,1     ,11015.2,0,,6149.22
2025,012  ,934  ,12100  ,COMPLEMENT DE DESTINACIÓ                          ,,9    ,1     ,32824.89,0,,12028.57
2025,012  ,934  ,12101  ,COMPLEMENT ESPECÍFIC                              ,,9    ,1     ,68569.06,0,,27468.03
2025,012  ,934  ,13000  ,RETRIBUCIONS BÀSIQUES PERSONAL LABORAL FIX        ,,9    ,1     ,27939.08,0,,2041.29
2025,012  ,934  ,16000  ,QUOTES SEGURETAT SOCIAL                           ,,9    ,1     ,62173.42,0,,18018.31
2025,012  ,934  ,22708  ,DESPESES RECAPTACIÓ ORGT                          ,012,934  ,22708 ,420000,0,,119212.01
2025,012  ,942  ,464    ,AREA METROPOLITANA DE BARCELONA                   ,012,942  ,464   ,1526168,14800,,0
2025,012  ,943  ,466    ,APORT. COMUNITAT MUNICIPIS PLANA GALET            ,012,943  ,466   ,1000,0,,0
2025,014  ,133  ,4643   ,TRANSF CONVENI AMB -APP ZONA BLAVA                ,014,133  ,4643  ,15756,0,,0
2025,014  ,134  ,4642   ,TRANSF BICICLETA PUBLICA  AMB                     ,014,134  ,4642  ,184923,0,,0
2025,031  ,920  ,21201  ,MANTENIMENT I REPARACIÓ D ESPAIS I IMMOBLES PUBLIC,031,92   ,21    ,23000,0,,22713.43
2025,044  ,2311 ,48902  ,TRANSF CORRENTS CENTRE PROM. SOCIAL FRANCESC PALAU,044,2311 ,48902 ,150000,60000,,150000
2025,044  ,2311 ,48908  ,TRANSF CORRENTS CREU ROJA SOCIAL                  ,044,2311 ,48908 ,40500,16200,,40500
2025,044  ,2311 ,48909  ,TRANSF CORRENTS APATS A DOMICILI                  ,044,2311 ,48909 ,252000,25234.6,,105307.83
2025,044  ,2311 ,48912  ,QUOTA CONSORCI DE SALUT I SOCIAL DE CATALUNYA     ,044,2311 ,48912 ,1000,0,,0
2025,044  ,2312 ,12001  ,SOUS DEL GRUP A2                                  ,,2    ,1     ,38604.46,0,,15441.77
2025,044  ,2312 ,12004  ,SOUS DEL GRUP C2                                  ,,2    ,1     ,24699.23,0,,12615.78
2025,044  ,2312 ,12006  ,TRIENNIS                                          ,,2    ,1     ,4023.34,0,,1994.03
2025,044  ,2312 ,120099 ,RETRIBUCIONS BÀSIQUES SUPLÈNCIES                  ,,2    ,1     ,19000,0,,22155.99
2025,044  ,2312 ,12100  ,COMPLEMENT DE DESTINACIÓ                          ,,2    ,1     ,23437.24,0,,11906.73
2025,044  ,2312 ,12101  ,COMPLEMENT ESPECÍFIC                              ,,2    ,1     ,51809.5,70000,,26354.14
2025,044  ,2312 ,121031 ,ALTRES COMPLEMENTS                                ,,2    ,1     ,1600,0,,2393.38
2025,044  ,2312 ,121039 ,RETRIBUCIONS COMPLEMENTÀRIES SUPLÈNCIES           ,,2    ,1     ,37000,0,,42369.27
2025,044  ,2312 ,13000  ,RETRIBUCIONS BÀSIQUES PERSONAL LABORAL FIX        ,,2    ,1     ,386699.62,0,,158709.4
2025,044  ,2312 ,13001  ,HORES EXTRAORDINÀRIES PERSONAL LABORAL FIX        ,,2    ,1     ,600,0,,1236.13
2025,044  ,2312 ,13002  ,ALTRES REMUNERACIONS PERSONAL LABORAL FIX         ,,2    ,1     ,35555.77,0,,15727.84
2025,044  ,2312 ,13199  ,RETRIBUCIONS PERSONAL LABORAL TEMPORAL-SUPLÈNCIES ,,2    ,1     ,25000,0,,42581.87
2025,044  ,2312 ,151    ,GRATIFICACIÓ SERVEIS FUNCIONARIS                  ,,2    ,1     ,800,0,,723.98
2025,044  ,2312 ,16000  ,QUOTES SEGURETAT SOCIAL                           ,,2    ,1     ,167879.28,0,,51026.3
2025,042  ,333  ,227998 ,CONTR PREST SERVEIS CC PALMIRA                    ,042,33   ,22    ,266100,33229.2,,124616.08
2025,0113 ,1320 ,13000  ,RETRIBUCIONS BÀSIQUES PERSONAL LABORAL FIX        ,,1    ,1     ,252682.99,0,,127618.6
2025,0113 ,1320 ,13001  ,HORES EXTRAORDINÀRIES PERSONAL LABORAL FIX        ,,1    ,1     ,8000,0,,3114.59
2025,0113 ,1320 ,13002  ,ALTRES REMUNERACIONS PERSONAL LABORAL FIX         ,,1    ,1     ,24630.75,0,,13943.16
2025,0113 ,1320 ,151    ,GRATIFICACIÓ SERVEIS FUNCIONARIS                  ,,1    ,1     ,200000,0,,99738.2
2025,0113 ,1320 ,16000  ,QUOTES SEGURETAT SOCIAL                           ,,1    ,1     ,1941507.65,-60000,,662756.9
2025,0113 ,912  ,10000  ,RETRIBUCIONS BÀSIQUES ÒRGANS DE GOVERN            ,,9    ,1     ,63119.56,0,,9017.08
2025,0113 ,912  ,16000  ,QUOTES SEGURETAT SOCIAL                           ,,9    ,1     ,18817.08,0,,1633.71
2025,012  ,011  ,352    ,DESPESES INTERESSOS DE DEMORA                     ,012,01   ,35    ,17131,0,,2287.94
2025,012  ,011  ,359    ,ALTRES DESPESES FINANCERES                        ,012,01   ,35    ,309000,0,,7089.49
2025,012  ,161  ,740    ,TRANSFERENC CAPITAL APSA                          ,012,161  ,740   ,250525,0,,0
2025,012  ,221  ,164    ,AJUDA FAMILIAR                                    ,,2    ,1     ,39385.16,0,,19592.36
2025,012  ,912  ,10000  ,RETRIBUCIONS BÀSIQUES ÒRGANS DE GOVERN            ,,9    ,1     ,283481.66,0,,114618.27
2025,012  ,912  ,10001  ,ALTRES REMUNERACIONS - ASSISTÈNCIA PLENS          ,,9    ,1     ,86437.33,0,,39035.26
2025,012  ,912  ,16000  ,QUOTES SEGURETAT SOCIAL                           ,,9    ,1     ,90702.48,0,,30718.9
2025,012  ,912  ,487    ,TRANSF CORRENTS FUNDACIÓ CATALUNYA EUROPA         ,012,912  ,487   ,0,4000,,4000
2025,012  ,920  ,202    ,ARRENDAMENTS VARIS                                ,012,92   ,20    ,300286,0,,115646
2025,012  ,920  ,209    ,CÀNONS VARIS                                      ,012,92   ,20    ,5000,0,,0
2025,012  ,920  ,22199  ,MATERIAL DIVERS - PREVENCIÓ RISCOS LABORALS       ,012,92   ,22    ,25000,0,,5402.25
2025,012  ,920  ,22500  ,TRIBUTS ESTATALS (Impost producció elèctrica)     ,012,92   ,22    ,1000,0,,0
2025,012  ,920  ,22501  ,TRIBUTS DE LES COMUNITATS AUTÒNOMES               ,012,92   ,22    ,500,0,,0
2025,012  ,920  ,22602  ,"ANUNCIS, PUBLICACIONS, ETC.                       ",012,92   ,22    ,17948,0,,6112.94
2025,012  ,920  ,22603  ,ANUNCIS DIARIS OFICIALS                           ,012,92   ,22    ,15000,0,,6363
2025,014  ,150  ,619    ,INVERSIO EN PACIFICACIÓ VIA PUBLICA               ,014,150  ,619   ,0,591304.73,,0
2025,014  ,1512 ,11000  ,RETRIBUCIONS BÀSIQUES PERSONAL EVENTUAL           ,,1    ,1     ,79362.28,0,,39681.14
2025,014  ,1512 ,12000  ,SOUS DEL GRUP A1                                  ,,1    ,1     ,109383.42,0,,52681.32
2025,014  ,1512 ,12001  ,SOUS DEL GRUP A2                                  ,,1    ,1     ,84929.74,0,,38604.4
2025,014  ,1512 ,12003  ,SOUS DEL GRUP C1                                  ,,1    ,1     ,11826.64,0,,10104.75
2025,014  ,1512 ,12006  ,TRIENNIS                                          ,,1    ,1     ,49076.29,0,,24865.64
2025,014  ,1512 ,12100  ,COMPLEMENT DE DESTINACIÓ                          ,,1    ,1     ,100255.18,0,,50047.93
2025,014  ,1512 ,12101  ,COMPLEMENT ESPECÍFIC                              ,,1    ,1     ,287742.08,0,,139526.44
2025,014  ,1512 ,13000  ,RETRIBUCIONS BÀSIQUES PERSONAL LABORAL FIX        ,,1    ,1     ,71850.68,0,,35925.34
2025,014  ,1512 ,16000  ,QUOTES SEGURETAT SOCIAL                           ,,1    ,1     ,211914.34,0,,78325.47
2025,014  ,440  ,12001  ,SOUS DEL GRUP A2                                  ,,4    ,1     ,15441.76,0,,7720.88
2025,014  ,440  ,12006  ,TRIENNIS                                          ,,4    ,1     ,5438.76,0,,2043.53
2025,014  ,440  ,12100  ,COMPLEMENT DE DESTINACIÓ                          ,,4    ,1     ,12474.84,0,,3935.76
2025,014  ,440  ,12101  ,COMPLEMENT ESPECÍFIC                              ,,4    ,1     ,33737.06,0,,11893.5
2025,014  ,440  ,16000  ,QUOTES SEGURETAT SOCIAL                           ,,4    ,1     ,22195.08,0,,5925.24
2025,014  ,4411 ,4641   ,TRANSFERÈNCIES CORRENTS AMB - TARGETA ROSA        ,014,4411 ,4641  ,50000,0,,0
2025,014  ,4411 ,46601  ,QUOTA MEMBRE ASSOC RED DE CIUDADES POR LA BICI    ,014,4411 ,46601 ,1200,0,,1200
2025,014  ,912  ,10000  ,RETRIBUCIONS BÀSIQUES ÒRGANS DE GOVERN            ,,9    ,1     ,66588.76,0,,33294.38
2025,014  ,912  ,16000  ,QUOTES SEGURETAT SOCIAL                           ,,9    ,1     ,18845.88,0,,8180.2
2025,014  ,9201 ,22699  ,DESP DIVERSES                                     ,014,92   ,22    ,10000,0,,60
2025,062  ,3113 ,227993 ,"CONTRACTE DDD (DESRATITZACIÓ, DESINFECCIÓ,...)    ",062,31   ,22    ,69000,0,,5457.1
2025,061  ,3411 ,48905  ,CONVENI PRATENC AA                                ,061,3411 ,48905 ,60000,0,,36000
2025,061  ,3411 ,48908  ,CONVENI CB TERLENKA                               ,061,3411 ,48908 ,35000,14000,,21000
2025,061  ,3411 ,48910  ,CONVENI CLUB NATACIÓ PRAT                         ,061,3411 ,48910 ,9000,0,,5400
2025,061  ,3411 ,48911  ,CONVENI A.E. RITMICA PRAT COR BLAU                ,061,3411 ,48911 ,15000,0,,9000
2025,061  ,3411 ,48913  ,CONVENI CLUB TRIATLÓ                              ,061,3411 ,48913 ,6000,2400,,0
2025,061  ,3411 ,48914  ,CONVENI AE BASQUET PRATENC                        ,061,3411 ,48914 ,11000,4400,,11000
2025,061  ,3411 ,48918  ,CONVENI CONSELL ESPORTIU (JJEE+SC)                ,061,3411 ,48918 ,35600,15998.4,,29528.4
2025,061  ,3411 ,48919  ,CONVENI ADEQUACIÓ INS. CLUB AGILITY BAIX LLOBREGAT,061,3411 ,48919 ,0,1600,,1600
2025,061  ,3411 ,48920  ,CONVENI AGRUPACIÓ CICLISTA                        ,061,3411 ,48920 ,5000,2000,,2000
2025,061  ,3411 ,48922  ,CONVENI CLUB PATI VELOCITAT EL PRAT               ,061,3411 ,48922 ,12000,4800,,4800
2025,061  ,3411 ,48923  ,CONVENI FEDERACIÓ CATALANA  DE VELA               ,061,3411 ,48923 ,32000,24800,,24800
2025,061  ,342  ,22101  ,CONSUM AIGUA ESPORTS                              ,,3    ,221   ,129058,0,,0
2025,061  ,342  ,22699  ,DESP DIVERSES ESPORTS                             ,061,34   ,22    ,4825,0,,3577.22
2025,061  ,342  ,227993 ,CONTR PREST SERVEIS CM VELA                       ,061,34   ,22    ,8500,0,,0
2025,061  ,342  ,48904  ,"CONVENI CP PRAT, GESTIÓ PISTA JARDINS RIB         ",061,342  ,48904 ,6400,6800,,5573.13
2025,061  ,3421 ,12000  ,SOUS DEL GRUP A1                                  ,,3    ,1     ,17560.44,0,,8780.22
2025,061  ,3421 ,12001  ,SOUS DEL GRUP A2                                  ,,3    ,1     ,30883.52,0,,15441.76
2025,061  ,3411 ,48912  ,CONVENI CLUB VOLEI PRAT                           ,061,3411 ,48912 ,25000,0,,0
2025,044  ,2311 ,4891   ,TRANSF CORRENTS SUPORT SOCIAL                     ,044,2311 ,4891  ,230000,48062,,141037.05
2025,012  ,920  ,227993 ,CONTR PRESTACIO SERVEIS LOGISTICA                 ,012,92   ,22    ,15000,0,,0
2025,012  ,920  ,23010  ,DIETES PERSONAL DIRECTIU                          ,012,92   ,23    ,1000,0,,150
2025,012  ,920  ,23020  ,DIETES PERSONAL NO DIRECTIU                       ,012,92   ,23    ,8000,0,,997.67
2025,012  ,920  ,23110  ,LOCOMOCIÓ PERSONAL DIRECTIU                       ,012,92   ,23    ,2500,0,,171.85
2025,012  ,920  ,23120  ,LOCOMOCIÓ PERSONAL NO DIRECTIU                    ,012,92   ,23    ,12500,0,,3206.08
2025,012  ,920  ,233    ,ASSISTÈNCIA TRIBUNALS                             ,012,92   ,23    ,5950,0,,1333.33
2025,012  ,920  ,467    ,ECONOMIA-TRANSF.LOCALRET                          ,012,920  ,467   ,8000,0,,7665.37
2025,012  ,920  ,487    ,TRANSF CORRENTS OBSERVATORI DE DRET PÚBLIC IDP UNI,012,920  ,487   ,18000,0,,0
2025,012  ,920  ,500    ,FONS DE CONTINGENCIA EXECUCIO PRESSUPOSTARIA      ,012,920  ,500   ,1500000,0,,0
2025,012  ,920  ,622    ,INVERSIÓ EDIFICIS I ALTRES                        ,012,920  ,622   ,45000,0,,0
2025,012  ,920  ,629    ,MATERIAL INVENTARIABLE DIVERS                     ,012,920  ,629   ,150000,0,,2264.39
2025,012  ,920  ,830    ,BESTRETES REINTEGRABLES PERSONAL                  ,012,920  ,830   ,30000,0,,5730.54
2025,012  ,92010,12000  ,SOUS DEL GRUP A1                                  ,,9    ,1     ,140483.48,0,,35081.56
2025,012  ,92010,12100  ,COMPLEMENT DE DESTINACIÓ                          ,,9    ,1     ,65651.04,0,,17923.35
2025,012  ,92010,12101  ,COMPLEMENT ESPECÍFIC                              ,,9    ,1     ,180867.96,-20000,,56024.93
2025,012  ,92010,16000  ,QUOTES SEGURETAT SOCIAL                           ,,9    ,1     ,116774.99,0,,24995.21
2025,012  ,9204 ,12004  ,SOUS DEL GRUP C2                                  ,,9    ,1     ,10024.64,0,,5705.4
2025,012  ,9204 ,12006  ,TRIENNIS                                          ,,9    ,1     ,3789.7,0,,3324.35
2025,012  ,9204 ,16000  ,QUOTES SEGURETAT SOCIAL                           ,,9    ,1     ,30554.68,0,,31715.81
2025,062  ,493  ,22699  ,CONSUM-DESP.V.AULA CONSUMIDOR I ED.ESC            ,062,49   ,22    ,4584,0,,0
2025,014  ,9201 ,22799  ,CONTRACTES PRESTACIÓ DE SERVEIS                   ,014,92   ,22    ,10000,0,,429
2025,012  ,920  ,22201  ,SERVEIS COMUNICACIÓ POSTALS                       ,012,92   ,22    ,299400,3005.28,,119872.35
2025,014  ,92011,11000  ,RETRIBUCIONS BÀSIQUES PERSONAL EVENTUAL           ,,9    ,1     ,77120.12,0,,38560.06
2025,041  ,3231 ,22199  ,SUBMINISTRAMENT DIVERSOS-ESCOLA BRESSOL           ,041,32   ,22    ,11481,0,,484.76
2025,014  ,92011,12000  ,SOUS DEL GRUP A1                                  ,,9    ,1     ,17560.44,0,,6084.36
2025,014  ,92011,12001  ,SOUS DEL GRUP A2                                  ,,9    ,1     ,15441.76,0,,7720.88
2025,014  ,92011,12004  ,SOUS DEL GRUP C2                                  ,,9    ,1     ,10024.64,0,,9590.06
2025,014  ,92011,12006  ,TRIENNIS                                          ,,9    ,1     ,21188.72,0,,9107.19
2025,014  ,92011,12100  ,COMPLEMENT DE DESTINACIÓ                          ,,9    ,1     ,30499.28,0,,15437.03
2025,014  ,92011,12101  ,COMPLEMENT ESPECÍFIC                              ,,9    ,1     ,75966.94,0,,38989.54
2025,031  ,1501 ,16000  ,QUOTES SEGURETAT SOCIAL                           ,,1    ,1     ,139596.94,0,,43839.29
2025,031  ,1532 ,12001  ,SOUS DEL GRUP A2                                  ,,1    ,1     ,23162.7,0,,14015.48
2025,031  ,1532 ,12003  ,SOUS DEL GRUP C1                                  ,,1    ,1     ,23653.28,0,,8497.7
2025,031  ,1532 ,12004  ,SOUS DEL GRUP C2                                  ,,1    ,1     ,130320.32,0,,49620.6
2025,031  ,1532 ,12005  ,SOUS DEL GRUP E                                   ,,1    ,1     ,36748.88,0,,18342.68
2025,031  ,1532 ,12006  ,TRIENNIS                                          ,,1    ,1     ,18106.7,0,,9121.41
2025,031  ,1532 ,12100  ,COMPLEMENT DE DESTINACIÓ                          ,,1    ,1     ,93075.5,0,,39612.67
2025,031  ,1532 ,12101  ,COMPLEMENT ESPECÍFIC                              ,,1    ,1     ,326685.52,0,,135870.23
2025,031  ,1532 ,121031 ,ALTRES COMPLEMENTS                                ,,1    ,1     ,3000,0,,1834.05
2025,031  ,1532 ,13000  ,RETRIBUCIONS BÀSIQUES PERSONAL LABORAL FIX        ,,1    ,1     ,526071.97,0,,209848.72
2025,031  ,1532 ,13001  ,HORES EXTRAORDINÀRIES PERSONAL LABORAL FIX        ,,1    ,1     ,12000,0,,9531.16
2025,031  ,1532 ,13002  ,ALTRES REMUNERACIONS PERSONAL LABORAL FIX         ,,1    ,1     ,11057.76,0,,5746.67
2025,031  ,1532 ,151    ,GRATIFICACIÓ SERVEIS FUNCIONARIS                  ,,1    ,1     ,12000,0,,8424.51
2025,031  ,1532 ,16000  ,QUOTES SEGURETAT SOCIAL                           ,,1    ,1     ,428628.63,0,,121435.24
2025,031  ,1532 ,213    ,"BRIGADA, CONSERV-REP MÀQUINES-INSTAL              ",031,15   ,21    ,5000,0,,0
2025,031  ,1532 ,22101  ,"CONSUM AIGUA VIES PÚBLIQUES, PARCS, ETC           ",,1    ,221   ,252000,0,,0
2025,031  ,1532 ,223    ,DESP TRANSPORTS                                   ,031,15   ,22    ,500,0,,0
2025,031  ,1532 ,22699  ,CONSERV I MANT V PÚBLICA DESP DIVERSES            ,031,15   ,22    ,3000,0,,547.4
2025,012  ,9204 ,120099 ,RETRIBUCIONS BÀSIQUES SUPLÈNCIES                  ,,9    ,1     ,50000,0,,22707.58
2025,012  ,9204 ,12100  ,COMPLEMENT DE DESTINACIÓ                          ,,9    ,1     ,5109.58,0,,2803.7
2025,012  ,9204 ,12101  ,COMPLEMENT ESPECÍFIC                              ,,9    ,1     ,11916.24,0,,6665.58
2025,012  ,9204 ,121039 ,RETRIBUCIONS COMPLEMENTÀRIES SUPLÈNCIES           ,,9    ,1     ,60000,0,,34950.11
2025,012  ,9204 ,13001  ,HORES EXTRAORDINÀRIES PERSONAL LABORAL FIX        ,,9    ,1     ,5000,0,,7937.87
2025,012  ,9204 ,130021 ,INCENTIU PRODUCTIVITAT PERSONAL LABORAL FIX       ,,9    ,1     ,149621.33,0,,72981.09
2025,012  ,9204 ,131021 ,INCENTIU PRODUCTIVITAT NO ABSENTISME LABORAL TEMP ,,9    ,1     ,6366.67,0,,3750
2025,012  ,9204 ,13199  ,RETRIBUCIONS PERSONAL LABORAL TEMPORAL-SUPLÈNCIES ,,9    ,1     ,20000,0,,17134.36
2025,012  ,9204 ,1432   ,INCENTIU PRODUCTIVITAT NO ABSENTISME ALTRE PERSONA,,9    ,1     ,3526.67,0,,400
2025,012  ,9204 ,15001  ,INCENTIU PRODUCTIVITAT NO ABSENTISME              ,,9    ,1     ,558668,0,,280424
2025,012  ,9204 ,151    ,GRATIFICACIÓ SERVEIS FUNCIONARIS                  ,,9    ,1     ,30000,0,,14627.26
2025,031  ,1500 ,214    ,REPARAC VEHICLES                                  ,031,15   ,21    ,83025,2820.42,,32030.94
2025,012  ,9204 ,16200  ,FORMACIÓ I PERFECCIONAMENT DEL PERSONAL           ,,9    ,1     ,68611.1,1300,,11252.43
2025,012  ,9205 ,12000  ,SOUS DEL GRUP A1                                  ,,9    ,1     ,96582.4,0,,38473.76
2025,012  ,9205 ,12003  ,SOUS DEL GRUP C1                                  ,,9    ,1     ,33114.28,0,,19169.44
2025,014  ,92011,16000  ,QUOTES SEGURETAT SOCIAL                           ,,9    ,1     ,67209.98,0,,30256.31
2025,021  ,150  ,11000  ,RETRIBUCIONS BÀSIQUES PERSONAL EVENTUAL           ,,1    ,1     ,81175.52,0,,40587.76
2025,021  ,150  ,12003  ,SOUS DEL GRUP C1                                  ,,1    ,1     ,23653.28,0,,9941.6
2025,021  ,150  ,12004  ,SOUS DEL GRUP C2                                  ,,1    ,1     ,25061.58,0,,17196.61
2025,021  ,150  ,12006  ,TRIENNIS                                          ,,1    ,1     ,6103.66,0,,4305.63
2025,021  ,150  ,12100  ,COMPLEMENT DE DESTINACIÓ                          ,,1    ,1     ,22992.06,0,,12059.3
2025,021  ,150  ,12101  ,COMPLEMENT ESPECÍFIC                              ,,1    ,1     ,53144.84,0,,28918.41
2025,021  ,150  ,16000  ,QUOTES SEGURETAT SOCIAL                           ,,1    ,1     ,55169.4,0,,23272.35
2025,044  ,2314 ,48904  ,TRANSF CORRENTS FUNDACIÓ RUBRICATUS               ,044,2314 ,48904 ,355000,0,,355000
2025,044  ,2314 ,48905  ,TRANSF CORRENTS COUFAR SCCL                       ,044,2314 ,48905 ,8000,3200,,0
2025,044  ,2315 ,48901  ,TRANSF CORRENT AAVV SANT COSME                    ,044,2315 ,48901 ,36000,14400,,36000
2025,044  ,2315 ,48902  ,TRANSF CORRENT FUNDACIÓN SECRETARIADO GITANO      ,044,2315 ,48902 ,50000,20000,,50000
2025,044  ,2315 ,48904  ,TRANSF CORRENTS GATS PROJECTE CONVIU SANT COSME   ,044,2315 ,48904 ,63000,63000,,63000
2025,044  ,2315 ,48906  ,TRANSF CORRENT FUNDACIO CONTORNO URBANO           ,044,2315 ,48906 ,15000,16000,,16000
2025,044  ,2313 ,48901  ,TRANSF CORRENTS BEQUES MENJADOR ESCOLAR           ,044,23   ,48    ,0,32581.57,,31349.2
2025,044  ,912  ,10000  ,RETRIBUCIONS BÀSIQUES ÒRGANS DE GOVERN            ,,9    ,1     ,106498.14,0,,53249.07
2025,044  ,912  ,16000  ,QUOTES SEGURETAT SOCIAL                           ,,9    ,1     ,33188.4,0,,14189.3
2025,051  ,241  ,22101  ,CONSUM AIGUA CPE                                  ,,2    ,221   ,4256,0,,0
2025,051  ,2411 ,11000  ,RETRIBUCIONS BÀSIQUES PERSONAL EVENTUAL           ,,2    ,1     ,77120.12,0,,38560.06
2025,051  ,2411 ,12001  ,SOUS DEL GRUP A2                                  ,,2    ,1     ,30883.52,0,,15441.76
2025,051  ,2411 ,12004  ,SOUS DEL GRUP C2                                  ,,2    ,1     ,45110.86,8453,,23397.77
2025,051  ,2411 ,12005  ,SOUS DEL GRUP E                                   ,,2    ,1     ,18374.44,0,,9187.22
2025,051  ,2411 ,12006  ,TRIENNIS                                          ,,2    ,1     ,15943.77,0,,8559.53
2025,041  ,326  ,48905  ,TRANSF CORRENTS LLIBRES TEXT I MAT EDUC           ,041,32   ,48    ,75000,0,,2689.9
2025,0111 ,9202 ,227994 ,CONTR PREST SERVEIS GRÀFICS                       ,011,92   ,22    ,138500,11195.95,,56092.9
2025,0111 ,920  ,216    ,MANTENIMENT EQUIPS INFORMÀTICS/PROGRAMARI         ,011,92   ,21    ,835000,90783.78,,306696.73
2025,012  ,920  ,22000  ,MATERIAL D'OFICINA                                ,012,92   ,22    ,125000,4748.44,,29444.79
2025,0111 ,920  ,22002  ,MATERIAL INFORMÀTIC NO INVENTARIABLE              ,011,92   ,22    ,150000,0,,43495.66
2025,012  ,920  ,22799  ,CONTR PRESTACIÓ DE SERVEIS                        ,012,92   ,22    ,221450,1009.72,,6205.95
2025,0113 ,132  ,21200  ,CONSERV EDIFI INSTAL SEG CIUTADANA                ,011,13   ,21    ,30352,0,,11157.05
2025,041  ,3231 ,22105  ,ALIMENTS-ESCOLA BRESSOL                           ,041,32   ,22    ,45484,4156.06,,13664.14
2025,0113 ,132  ,22799  ,CONTR PREST SERVEIS SEG CIUTADANA                 ,011,13   ,22    ,292253,20326.62,,97841.27
2025,031  ,1621 ,22700  ,"RECOLLIDA, ELIMINACIÓ I TRACTAMENT DE RESIDUS     ",031,16   ,22    ,3936833,85684.86,,1606424.73
2025,031  ,163  ,22700  ,NETEJA VIARIA                                     ,031,16   ,22    ,8824878,0,,3401916.49
2025,031  ,171  ,210    ,CONSERV-MANTENIMENT PARCS I JARDINS               ,031,17   ,21    ,1689825,0,,698343.14
2025,031  ,920  ,21200  ,EDIFICIS-INSTAL MPALS CONSERV-REPARACIÓ           ,031,92   ,21    ,690922,82.24,,132073.02
2025,041  ,3231 ,21200  ,ESCOLA BRESSOL-CONSERV. I REPARACIÓ               ,041,32   ,21    ,86089,0,,26468.84
2025,041  ,3231 ,227995 ,CONTR PREST SERVEIS ESCOLA BRESSOL LA GRANOTA     ,041,32   ,22    ,515531,0,,135430.14
2025,061  ,342  ,22199  ,ESPORTS-SUBM. DIVERS MATERIAL                     ,061,34   ,22    ,32000,0,,1085.37
2025,062  ,3112 ,22799  ,PREST SERVEIS PROMOCIÓ DE LA SALUT                ,062,31   ,22    ,103000,0,,75127.4
2025,041  ,3232 ,21200  ,ESCOLES-CONSERVACIÓ I REPARACIÓ                   ,041,32   ,21    ,921185,0,,288393.45
2025,041  ,326  ,2279902,PREST SERVEIS VETLLADORS EXTRAESCOLARS            ,041,32   ,22    ,60000,0,,9475.06
2025,041  ,326  ,227997 ,SUPORT FP I ESTUDIS POST-OBLIGATORIS              ,041,32   ,22    ,26500,10000,,7060.35
2025,041  ,326  ,227998 ,PROGRAMA EDUCACIÓ-CULTURA-COMUNITAT (ECC)         ,041,32   ,22    ,215761,0,,71896.96
2025,042  ,333  ,21200  ,CONSERV-REP EDIFICIS-INSTAL CULTURA               ,042,33   ,21    ,618355,0,,165653.35
2025,042  ,333  ,227992 ,CONTR PREST SERVEIS LA CAPSA                      ,042,33   ,22    ,358777,0,,149490.35
2025,042  ,334  ,227993 ,CONTR PREST SERVEIS CINEMA CAPRI                  ,042,33   ,22    ,15300,0,,8399.99
2025,051  ,241  ,21200  ,CONSERV-REPARACIÓ EDIFICI CPE                     ,051,24   ,21    ,57750,0,,22400.19
2025,041  ,3231 ,221041 ,VESTUARI ESCOLA BRESSOL                           ,041,32   ,22    ,2420,0,,2303.24
2025,061  ,3421 ,21200  ,CEMS CONSERVACIÓ I REPARACIÓ                      ,061,34   ,21    ,228790,1049.29,,73933.24
2025,061  ,3423 ,21200  ,"CEM ESTRUCH, CONSERVACIÓ I REPARACIÓ              ",061,34   ,21    ,200543,1178.62,,68150.46
2025,061  ,3424 ,227991 ,CONSERV I GEST CEM JULIO MÉNDEZ                   ,061,34   ,22    ,547556,0,,221911.88
2025,061  ,3425 ,227991 ,CONTR PREST SERVEIS FONDO D'EN PEIXO              ,061,34   ,22    ,753830,0,,312366.5
2025,062  ,311  ,21200  ,"EDIF. SANITAT-CONSERV, I REP.                     ",062,31   ,21    ,20947,0,,7357.3
2025,014  ,920  ,22706  ,ESTUDIS I TREBALLS TÈCNICS                        ,014,92   ,22    ,40076,0,,9500.92
2025,041  ,3231 ,227994 ,CONTR PREST SERVEIS ESCOLA BRESSOL EL CABUSSET    ,041,32   ,22    ,542680,0,,176878.28
2025,044  ,231  ,21200  ,CONSERVACIÓ-REPARACIÓ EDIFICIS S.SOCIALS          ,044,23   ,21    ,31246,0,,12972.11
2025,044  ,2311 ,227991 ,CONTRAPRESTACIÓ SERVEIS ÀREA                      ,044,23   ,22    ,95000,0,,18793.05
2025,044  ,2311 ,227995 ,SERVEI PRELABORAL                                 ,044,23   ,22    ,222327,18527.25,,126909.75
2025,032  ,1722 ,227991 ,CONTR PREST CONTROL ENERGÈTIC                     ,032,17   ,22    ,53000,0,,12407.79
2025,044  ,2315 ,227993 ,CONT SERVEI PREVENCIÓ I CONVIVÈNCIA               ,044,23   ,22    ,165000,0,,56694.05
2025,044  ,2316 ,227994 ,PRESTACIÓ SERVEIS SIAD SAI                        ,044,2316 ,227994,135000,0,,54571.99
2025,063  ,924  ,22799  ,CONTR PREST SERVEIS CIVISME I CONVIVÈNCIA         ,063,92   ,22    ,188595,3038.87,,96201.18
2025,0113 ,132  ,204    ,ARRENDAMENTS MATERIALS I EQUIPS                   ,011,13   ,20    ,133509,9399.23,,57641.68
2025,012  ,920  ,22604  ,DESP DEFENSA JURÍDICA I REGISTRAL                 ,012,92   ,22    ,103000,0,,32423.24
2025,044  ,231  ,22700  ,NETEJA EDIFICIS SERVEIS SOCIALS                   ,044,23   ,22    ,341784,0,,133612.9
2025,0111 ,9202 ,226023 ,COMUNICACIÓ I DIFUSIÓ                             ,011,92   ,22    ,145150,0,,15801.88
2025,041  ,3231 ,227001 ,NETEJA ESCOLES BRESSOL                            ,041,32   ,22    ,356292,0,,133302.5
2025,0111 ,920  ,227991 ,"PREST SERV INNOV DIGITAL, QUALITAT I PROJ ESTRATÈG",011,92   ,22    ,100000,0,,37516.05
2025,041  ,3232 ,227002 ,NETEJA ESCOLES                                    ,041,32   ,22    ,2486001,0,,902226.5
2025,0113 ,132  ,22103  ,POLICIA LOCAL-COMBUSTIBLE                         ,011,13   ,22    ,33880,961.43,,8226.87
2025,0111 ,920  ,227992 ,CONTR PREST SERVEIS SITIC                         ,011,92   ,22    ,120000,0,,13794
2025,0113 ,132  ,22100  ,SUBM. ENERGIA ELÈCTRICA SEGURETAT CIUTADANA       ,,1    ,221   ,27221,8182.42,,14105.16
2025,041  ,3231 ,221001 ,ELECTRICITAT ESCOLES BRESSOL                      ,,3    ,221   ,4950,1883.28,,2571.33
2025,041  ,326  ,48907  ,BEQUES ALUMNAT ACTIV EXTRAESC COMPLEMENT          ,041,32   ,48    ,0,0,,0
2025,044  ,2312 ,22110  ,SUBMINISTRAMENT PRODUCTES NETEJA                  ,044,23   ,22    ,9680,0,,1326.53
2025,0113 ,132  ,22104  ,VESTUARI I EQUIP POLICIA LOCAL                    ,011,13   ,22    ,175000,0,,40035.44
2025,042  ,333  ,227993 ,CONTR PREST SERVEIS CC S JORDI-RIBERA BAIXA       ,042,33   ,22    ,262200,0,,142583.4
2025,031  ,165  ,22100  ,CONSUM ELÈCTRIC ENLLUMENAT PÚBLIC                 ,,1    ,221   ,629321,152789.16,,312082.68
2025,051  ,2412 ,227992 ,CONTR PREST SERVEIS PROJECTES D'INSERCIÓ LABORAL  ,051,2412 ,227992,250336,0,,56687.32
2025,044  ,2312 ,22104  ,VESTUARI RESIDÈNCIA D'AVIS                        ,044,23   ,22    ,4235,0,,335.93
2025,011  ,9202 ,227994 ,CONTR PREST SERVEIS AUDIOVISUALS                  ,011,92   ,22    ,0,0,,0
2025,012  ,920  ,216    ,MANTENIMENT EQUIPS INFORMÀTICS/PROGRAMARI         ,012,92   ,21    ,0,0,,0
2025,012  ,920  ,22002  ,MATERIAL INFORMÀTIC NO INVENTARIABLE              ,012,92   ,22    ,0,0,,0
2025,012  ,920  ,227062 ,ESTUDIS I TREBALLS TÈCNICS TIC                    ,012,92   ,22    ,0,0,,0
2025,012  ,920  ,227063 ,OFICINA TÈCNICA DESENVOLUPAMENT PROGRAMARI SITIC  ,012,92   ,22    ,0,0,,0
2025,013  ,132  ,204    ,ARRENDAMENTS MATERIALS I EQUIPS                   ,013,13   ,20    ,0,0,,0
2025,013  ,132  ,212    ,CONSERV EDIFI INSTAL SEG CIUTADANA                ,013,13   ,21    ,0,0,,0
2025,013  ,132  ,214    ,POLICIA LOCAL-VEHICLES                            ,013,13   ,21    ,0,0,,0
2025,013  ,132  ,22799  ,CONTR PREST SERVEIS SEG CIUTADANA                 ,013,13   ,22    ,0,0,,0
2025,031  ,920  ,212    ,EDIFICIS-INSTAL MPALS CONSERV-REPARACIÓ           ,031,92   ,21    ,0,0,,0
2025,041  ,3231 ,212    ,ESCOLA BRESSOL-CONSERV. I REPARACIÓ               ,041,32   ,21    ,0,0,,0
2025,041  ,3232 ,212    ,ESCOLES-CONSERVACIÓ I REPARACIÓ                   ,041,32   ,21    ,0,0,,0
2025,042  ,333  ,212    ,CONSERV-REP EDIFICIS-INSTAL CULTURA               ,042,33   ,21    ,0,0,,0
2025,043  ,334  ,22799  ,PLA JOVE                                          ,043,33   ,22    ,0,0,,0
2025,043  ,334  ,465    ,TRANSF CONVENI ASS. MOBILITAT INTERN. JOVES       ,043,334  ,465   ,0,0,,0
2025,051  ,241  ,212    ,CONSERV-REPARACIÓ EDIFICI CPE                     ,051,24   ,21    ,0,0,,0
2025,061  ,3421 ,22100  ,ELECTRICITAT CEMS                                 ,,3    ,221   ,143606,59885.18,,32532.53
2025,051  ,4311 ,227991 ,CONTR PREST SERVEIS PRODUCTE LOCAL                ,051,43   ,22    ,0,0,,0
2025,061  ,3421 ,212    ,CEMS CONSERVACIÓ I REPARACIÓ                      ,061,34   ,21    ,0,0,,0
2025,061  ,3423 ,212    ,"CEM ESTRUCH, CONSERVACIÓ I REPARACIÓ              ",061,34   ,21    ,0,0,,0
2025,062  ,311  ,212    ,"EDIF. SANITAT-CONSERV, I REP.                     ",062,31   ,21    ,0,0,,0
2025,072  ,231  ,212    ,CONSERVACIÓ-REPARACIÓ EDIFICIS S.SOCIALS          ,072,23   ,21    ,0,0,,0
2025,072  ,2311 ,227991 ,CONTRAPRESTACIÓ SERVEIS ÀREA                      ,072,23   ,22    ,0,0,,0
2025,072  ,2311 ,227995 ,SERVEI PRELABORAL                                 ,072,23   ,22    ,0,0,,0
2025,072  ,2311 ,622    ,INV NOVA RESIDENCIA D'AVIS                        ,072,2311 ,622   ,0,0,,0
2025,072  ,2312 ,227995 ,CONTR PREST SERVEIS GENT GRAN                     ,072,23   ,22    ,0,0,,0
2025,072  ,2315 ,227993 ,CONT SERVEI PREVENCIÓ I CONVIVÈNCIA               ,072,23   ,22    ,0,0,,0
2025,072  ,2316 ,227994 ,PRESTACIÓ SERVEIS SIAD SAI                        ,072,23   ,22    ,0,0,,0
2025,072  ,924  ,22799  ,CONTR PREST SERVEIS CIVISME I CONVIVÈNCIA         ,072,92   ,22    ,0,0,,0
2025,052  ,4312 ,21200  ,CONSERVACIÓ-REPARACIO MERCAT                      ,052,43   ,21    ,180,0,,19.43
2025,061  ,3425 ,22100  ,ELECTRICITAT CEM FONDO D'EN PEIXO                 ,,3    ,221   ,39866,8201.46,,21947.28
2025,061  ,342  ,21200  ,MANTENIMENT ALTRES INSTAL·LACIONS ESPORTIVES      ,061,34   ,21    ,39332,0,,176.98
2025,041  ,326  ,227992 ,"LECTURA, ÈXIT EDUCATIU I COMUNITAT (LECXIT)       ",041,32   ,22    ,26033,0,,17354.68
2025,063  ,924  ,227992 ,CONTR PREST SERVEIS SUPORT TEIXIT ASSOCIATIU      ,063,92   ,22    ,102661,0,,42692.95
2025,063  ,2314 ,227992 ,CONTR PREST SERVEIS COL·LECTIUS NECESSITATS ESPECI,063,23   ,22    ,27005,575,,10530.99
2025,032  ,134  ,22799  ,CONT. SERVEIS VEHICLE ELECTRIC COMPARTIT          ,032,13   ,22    ,75000,0,,33756
2025,061  ,3423 ,22700  ,NETEJA CEM ESTRUCH                                ,061,34   ,22    ,584345,0,,225456.3
2025,044  ,2312 ,22199  ,MATERIAL TÈCNIC RESIDÈNCIA D'AVIS                 ,044,23   ,22    ,3630,0,,0
2025,051  ,241  ,22700  ,NETEJA CPE                                        ,051,24   ,22    ,169982,0,,61516.15
2025,063  ,924  ,22100  ,ELECTRICITAT HORTS MUNICIPALS                     ,,9    ,221   ,5678,401.42,,1317.98
2025,0111 ,9202 ,227996 ,SERVEIS DE PRODUCCIÓ DE MATERIALS DE COMUNICACIÓ F,011,92   ,22    ,67000,0,,17886.24
2025,0111 ,9202 ,227995 ,CONT PREST SERVEIS AUDIOVISUALS                   ,011,92   ,22    ,75000,1542.75,,9942.21
2025,062  ,311  ,226992 ,PROGRAMA DE CARDIOPROTECCIÓ                       ,062,31   ,22    ,3280,0,,857.6
2025,051  ,241  ,22100  ,ELECTRICITAT CPE                                  ,,2    ,221   ,47597,16802.36,,815.42
2025,063  ,924  ,227994 ,MOSTRA D'ENTITATS                                 ,063,92   ,22    ,67500,0,,14831.12
2025,042  ,333  ,22100  ,ELECTRICITAT EDIFICIS CULTURA                     ,,3    ,221   ,386960,60125.59,,160820.52
2025,061  ,3423 ,22100  ,ELECTRICITAT CEM ESTRUCH                          ,,3    ,221   ,102489,68542.96,,23718.53
2025,044  ,2315 ,227994 ,"PRESTACIÓ SERVEIS PLA DE BARRIS (BARRIS CREATIUS,)",044,2315 ,227994,165700,60348.75,,63231.13
2025,062  ,311  ,22100  ,ELECTRICITAT EDIFICI SALUT PÚBLICA                ,,3    ,221   ,13287,2081.89,,6200.31
2025,0112 ,432  ,22799  ,CONTR PREST SERV OFICINA PORTA DEL DELTA          ,011,43   ,22    ,78265,0,,27951.99
2025,061  ,3421 ,22700  ,NETEJA CEMS                                       ,061,34   ,22    ,667068,0,,275659.75
2025,031  ,1500 ,221031 ,COMBUSTIBLE VEHICLES                              ,031,15   ,22    ,45980,1982.71,,19879.51
2025,041  ,326  ,227994 ,PREST SERVEIS-PATI OBERT                          ,041,32   ,22    ,27480,0,,0
2025,042  ,333  ,22700  ,NETEJA EDIFICIS CULTURA                           ,042,33   ,22    ,1282301,0,,516408.75
2025,062  ,311  ,227992 ,PREST SERVEIS PREVENTIUS                          ,062,31   ,22    ,60000,0,,38461
2025,032  ,1721 ,227991 ,PREST SERVEIS -ESPAIS NATURALS-PLATJA             ,032,17   ,22    ,15000,0,,0
2025,031  ,920  ,22100  ,ELECTRICITAT EDIFICIS MPALS                       ,,9    ,221   ,214523,30482.03,,51716.56
2025,052  ,4312 ,22100  ,ELECTRICITAT MERCAT MPAL                          ,,4    ,221   ,12827,5966.68,,8753.8
2025,041  ,3232 ,221002 ,SUBM. ENERGIA ELÈCTRICA ESCOLES                   ,,3    ,221   ,132994,30852.01,,72328.42
2025,031  ,920  ,22700  ,NETEJA EDIFICIS MUNICIPALS                        ,031,92   ,22    ,674725,0,,246481.2
2025,044  ,231  ,22100  ,ELECTRICITAT EDIFICIS SERVEIS SOCIALS             ,,2    ,221   ,32637,9668.02,,17382.65
2025,044  ,2312 ,227996 ,CONTR PREST SERVEIS RESIDÈNCIA AVIS               ,044,23   ,22    ,26083,0,,12158.9
2025,063  ,924  ,227993 ,CONTR PREST SERVEIS INTERCULTURALITAT             ,063,92   ,22    ,63000,0,,14310.08
2025,051  ,2413 ,227993 ,CONTR PREST SERVEIS ECONOMIA SOCIAL               ,051,2413 ,227993,54500,20000,,23909.47
2025,042  ,338  ,22799  ,"CALENDARI FESTIU, CONTR PREST SERVEIS             ",042,33   ,22    ,200000,0,,31401.92
2025,051  ,2412 ,227994 ,CONTR PREST SERVEIS CLUB DE FEINA                 ,051,2412 ,227994,148945,0,,62060.15
2025,062  ,311  ,22700  ,NETEJA EDIFICI SALUT PÚBLICA                      ,062,31   ,22    ,56558,0,,20474.2
2025,061  ,3411 ,227994 ,PREST SERVEIS JOCS ESCOLARS I CEJ                 ,061,34   ,22    ,39509,0,,6519.15
2025,042  ,338  ,226991 ,"CALENDARI FESTIU, DESPESES DIVERSES               ",042,33   ,22    ,158000,33759,,73676.54
2025,052  ,4312 ,22700  ,NETEJA MERCAT MUNICIPAL                           ,052,43   ,22    ,42234,0,,15284.85
2025,031  ,1500 ,22104  ,VESTUARI BRIGADA                                  ,031,15   ,22    ,50820,0,,8704.8
2025,061  ,3401 ,13000  ,RETRIBUCIONS PERSONAL LABORAL  FIX                ,,3    ,1     ,0,26275.29,,12301.04
2025,064  ,334  ,780    ,TRANSF DE CAPITAL AGRUPACIÓ CONXITA BUSQUETS      ,064,334  ,780   ,0,10000,,6000
2025,031  ,160  ,740    ,TRANSFERÈNCIA DE CAPITAL APSA                     ,031,160  ,740   ,0,289349.8,,0
2025,0111 ,491  ,740    ,TRANSFERENC CAPITAL PRAT COMUNICACIÓ              ,011,491  ,740   ,25000,0,,0
2025,0112 ,419  ,48905  ,TRANSF CORRENTS AMICS DEL CAVALL (AMICS DEL PRAT) ,011,419  ,48905 ,15000,0,,9000
2025,0112 ,419  ,48906  ,TRANSF CORRENTS AMICS DEL PRAT  APLEC DE LA TARTAN,011,419  ,48906 ,4000,0,,2400
2025,0112 ,432  ,12001  ,SOUS DEL GRUP A2                                  ,,4    ,1     ,15441.76,0,,7581.42
2025,0112 ,432  ,12006  ,TRIENNIS                                          ,,4    ,1     ,555.48,0,,275.21
2025,0112 ,432  ,12100  ,COMPLEMENT DE DESTINACIÓ                          ,,4    ,1     ,6237,0,,3044.25
2025,0112 ,432  ,12101  ,COMPLEMENT ESPECÍFIC                              ,,4    ,1     ,13048,0,,6368.67
2025,012  ,920  ,12004  ,SOUS DEL GRUP C2                                  ,,9    ,1     ,5012.3,0,,0
2025,012  ,920  ,12100  ,COMPLEMENT DE DESTINACIÓ                          ,,9    ,1     ,1802.5,0,,0
2025,012  ,920  ,12101  ,COMPLEMENT ESPECÍFIC                              ,,9    ,1     ,5522.16,0,,0
2025,012  ,920  ,16000  ,QUOTES SOCIALS SEGURETAT SOCIAL                   ,,9    ,1     ,3920.64,0,,0
2025,012  ,92010,12006  ,TRIENNIS                                          ,,9    ,1     ,10203.8,0,,4354.95
2025,012  ,9204 ,11000  ,RETRIBUCIONS BÀSIQUES PERSONAL EVENTUAL           ,,9    ,1     ,77120.12,0,,38616.39
2025,012  ,9204 ,15400  ,INDEMNITZACIONS FI CONTRACTES/NOMENAMENTS         ,,9    ,1     ,2500,0,,0
2025,012  ,9204 ,15500  ,ADEQUACIONS RELACIÓ LLOCS DE TREBALL              ,,9    ,1     ,1000000,0,,0
2025,014  ,231  ,632    ,INV MILLORA EQUIPAMENTS I SERVEIS                 ,014,231  ,632   ,106409.52,0,,0
2025,014  ,440  ,12004  ,SOUS DEL GRUP C2                                  ,,4    ,1     ,10024.64,0,,495.68
2025,014  ,92011,12003  ,SOUS DEL GRUP C1                                  ,,9    ,1     ,11826.64,0,,5913.32
2025,021  ,1500 ,12003  ,SOUS DEL GRUP C1                                  ,,1    ,1     ,5913.3,0,,0
2025,021  ,1514 ,12004  ,SOUS DEL GRUP C2                                  ,,1    ,1     ,10024.64,0,,5012.32
2025,021  ,1521 ,609    ,INV EN BENS D'US GENERAL                          ,021,1521 ,609   ,1800000,0,,0
2025,021  ,1522 ,632    ,INV MILLORA EQUIPAMENTS I SERVEIS                 ,021,1522 ,632   ,400000,0,,0
2025,031  ,1622 ,227001 ,GESTIÓ APSA TAXA DE RESIDUS                       ,031,16   ,22    ,236000,0,,0
2025,031  ,165  ,619    ,INV MILLORES ENLLUMENAT PÚBLIC                    ,031,165  ,619   ,100000,1160542.6,,13517.26
2025,032  ,172  ,619    ,MILLORA INFRAESTRUCTURA I BENS US GENERAL         ,032,172  ,619   ,365000,0,,0
2025,032  ,419  ,489    ,APORT. CONSELL REGULADOR IGP RAÇA PRAT            ,032,419  ,489   ,6000,2400,,5871.78
2025,032  ,419  ,48903  ,TRANSF CORRENTS ASSOC CRIADORS RAÇA PRAT          ,032,419  ,48903 ,8000,3200,,7514.86
2025,032  ,425  ,6091   ,INV MILLORA EN INSTAL·LACIONS - ENERGIA           ,032,425  ,6091  ,50000,2200367.7,,1500439.07
2025,032  ,4311 ,227991 ,CONTR PREST SERVEIS PRODUCTE LOCAL                ,032,43   ,22    ,50000,0,,19116.8
2025,041  ,3231 ,12004  ,SOUS DEL GRUP C2                                  ,,3    ,1     ,5012.3,0,,0
2025,041  ,326  ,227991 ,PREST SERV FORMACIÓ PARES I MARES                 ,041,32   ,22    ,3000,0,,0
2025,042  ,3321 ,2260902,DESP DIVERSES PLA DE LECTURA                      ,042,33   ,22    ,20000,0,,0
2025,042  ,334  ,48927  ,TRANSF CORRENTS AMPA MARE DE DEU DEL CARME (COLLA ,042,334  ,48927 ,3000,1200,,3000
2025,042  ,334  ,48928  ,TRANSF CORRENTS ASSOCIACIÓ PICACRESTES            ,042,334  ,48928 ,3000,0,,1800
2025,042  ,338  ,48901  ,TRANSF COR COLLA DIABLES DEL PRAT (SANT POLLIN)   ,042,338  ,48901 ,6000,0,,0
2025,044  ,2311 ,632    ,INV MILLORA EQUIPAMENTS I SERVEIS                 ,044,2311 ,632   ,50000,0,,0
2025,044  ,2312 ,221991 ,SUBMINISTRAMENTS DIVERSOS RESIDÈNCIA D'AVIS       ,044,23   ,22    ,3000,0,,0
2025,044  ,2312 ,227992 ,CONTR PRESTACIÓ SERVEIS SAD DEPENDÈNCIA           ,044,23   ,22    ,2278484,0,,0
2025,044  ,2312 ,227993 ,CONTR TELEASSISTÈNCIA                             ,044,23   ,22    ,155000,0,,0
2025,044  ,2312 ,227994 ,CONTR PRESTACIÓ SERVEIS SAD SOCIAL                ,044,23   ,22    ,612416,0,,59196.94
2025,044  ,2312 ,46501  ,TRANSF TRANSPORT ADAPTAT-CONSELL COMARCAL         ,044,2312 ,46501 ,232000,0,,0
2025,044  ,2313 ,465    ,TRANSF CORRENTS EAIA CONSELL COMARCAL             ,044,2313 ,465   ,20000,0,,0
2025,044  ,2313 ,48902  ,TRANSF CORRENTS ESCOLES BRESSOL                   ,044,2313 ,48902 ,35000,0,,9896.28
2025,044  ,2313 ,48903  ,TRANSF CORRENTS SAO PRAT                          ,044,2313 ,48903 ,140000,56000,,140000
2025,044  ,2313 ,48904  ,TRANSF ACTIVITATS LLEURE SOCIOEDUCATIU            ,044,2313 ,48904 ,350000,0,,0
2025,044  ,2313 ,48905  ,TRANSF CORRENTS EDUVIC                            ,044,2313 ,48905 ,67186,24000,,64311.6
2025,044  ,2313 ,48906  ,TRANSF CORRENT FUNDACIÓ CATALANA ESPLAI GISC I JOV,044,2313 ,48906 ,45300,18000,,18000
2025,044  ,2316 ,48914  ,"TRANSF CORRENT CASES ACOLLIDA VVM, AGI            ",044,2316 ,48914 ,28000,11200,,28000
2025,051  ,2413 ,48921  ,TR CORRENTS EI SAOPRAT SL  -LLOGUER NAU-          ,051,2413 ,48921 ,10000,0,,6000
2025,051  ,433  ,22707  ,DOTACIÓ PREMIS DELTA                              ,051,433  ,22707 ,4000,0,,4000
2025,052  ,430  ,12004  ,SOUS DEL GRUP C2                                  ,,4    ,1     ,10024.64,0,,2570.67
2025,052  ,430  ,12006  ,TRIENNIS                                          ,,4    ,1     ,4019.77,0,,76.93
2025,052  ,430  ,227992 ,CONTR PREST SERVEIS ENLLUMENAT DE NADAL           ,052,43   ,22    ,54200,0,,0
2025,052  ,430  ,48906  ,XECS DE COMERÇ                                    ,052,430  ,48906 ,50000,0,,0
2025,061  ,3411 ,48924  ,CONVENI FUNDACIÓ PRIVADA AE PRAT PROMOCIÓ FUTBOL  ,061,3411 ,48924 ,86000,0,,0
2025,064  ,3302 ,12004  ,SOUS DEL GRUP C2                                  ,,3    ,1     ,10024.64,0,,5012.31
2025,012  ,92010,12004  ,SOUS DEL GRUP C2                                  ,,9    ,1     ,0,10024.64,,0
2025,032  ,170  ,609    ,MILLORA RESILIÈNCIA SERV MPALS CONSUM AIGUA/SEQUER,032,170  ,609   ,0,168035.16,,0
2025,21   ,1521 ,44901  ,CONVENI HABITAT 3                                 ,21 ,1521 ,44901 ,192857,0,,0
2025,031  ,160  ,44901  ,TRANSFERÈNCIA SERVEIS CLAVEGUERAM                 ,03 ,16   ,44    ,0,983740,,0
2025,021  ,231  ,632    ,INV MILLORA EQUIPAMENTS ACCIÓ SOCIAL              ,021,231  ,632   ,0,478267.04,,311779.33
2025,063  ,2318 ,12000  ,SOUS DEL GRUP A1                                  ,,2    ,1     ,0,15441.76,,8697.65
2025,021  ,150  ,640    ,"REDACCIÓ DE PROJECTES, ESTUDIS, DIRECCIONS OBRES  ",021,150  ,640   ,0,317633.5,,71871.53
2025,042  ,336  ,22602  ,PUBLICACIÓ BECA RECERCA HISTÒRICA                 ,042,33   ,22    ,0,3000,,0
2025,061  ,3423 ,121039 ,RETRIBUCIONS COMPLEMENTÀRIES SUPLÈNCIES           ,,3    ,1     ,27000,0,,10724.43
2025,061  ,3423 ,13000  ,RETRIBUCIONS BÀSIQUES PERSONAL LABORAL FIX        ,,3    ,1     ,224622.21,0,,103141.36
2025,061  ,3423 ,13001  ,HORES EXTRAORDINÀRIES PERSONAL LABORAL FIX        ,,3    ,1     ,8000,0,,2580.08
2025,061  ,3423 ,13002  ,ALTRES REMUNERACIONS PERSONAL LABORAL FIX         ,,3    ,1     ,5835.48,0,,3613.77
2025,061  ,3423 ,151    ,GRATIFICACIÓ SERVEIS FUNCIONARIS                  ,,3    ,1     ,10000,0,,3851.34
2025,061  ,3423 ,16000  ,QUOTES SEGURETAT SOCIAL                           ,,3    ,1     ,144802.21,0,,65783.73
2025,061  ,912  ,10000  ,RETRIBUCIONS BÀSIQUES ÒRGANS DE GOVERN            ,,9    ,1     ,63119.56,0,,31559.78
2025,061  ,912  ,16000  ,QUOTES SEGURETAT SOCIAL                           ,,9    ,1     ,18817.08,0,,8168.55
2025,062  ,311  ,226991 ,DESP. DIVERSES                                    ,062,31   ,22    ,500,0,,75
2025,062  ,311  ,227991 ,PREST SERVEIS SALVAMENT PLATJA                    ,062,31   ,22    ,245000,0,,0
2025,062  ,3111 ,12000  ,SOUS DEL GRUP A1                                  ,,3    ,1     ,17560.44,0,,8780.22
2025,062  ,3111 ,12003  ,SOUS DEL GRUP C1                                  ,,3    ,1     ,23653.28,0,,11826.64
2025,062  ,3111 ,12004  ,SOUS DEL GRUP C2                                  ,,3    ,1     ,35086.22,0,,14632.74
2025,062  ,3111 ,12006  ,TRIENNIS                                          ,,3    ,1     ,16308.76,0,,7074.94
2025,062  ,3111 ,12100  ,COMPLEMENT DE DESTINACIÓ                          ,,3    ,1     ,36360.94,0,,17073.19
2025,062  ,3111 ,12101  ,COMPLEMENT ESPECÍFIC                              ,,3    ,1     ,87173.52,0,,40380.34
2025,062  ,3111 ,16000  ,QUOTES SEGURETAT SOCIAL                           ,,3    ,1     ,63784.08,0,,24052.04
2025,062  ,3112 ,13000  ,RETRIBUCIONS BÀSIQUES PERSONAL LABORAL FIX        ,,3    ,1     ,41286.12,0,,20643.06
2025,062  ,3112 ,16000  ,QUOTES SEGURETAT SOCIAL                           ,,3    ,1     ,13265.28,0,,5719.7
2025,062  ,3112 ,22106  ,MATERIAL SANITARI                                 ,062,31   ,22    ,3400,0,,0
2025,062  ,3112 ,226991 ,DESP. DIVERSES PROMOCIÓ DE LA SALUT               ,062,31   ,22    ,4250,0,,75
2025,062  ,3112 ,227992 ,PROGRAMES SALUT COMUNITARIA                       ,062,31   ,22    ,3825,0,,0
2025,062  ,3112 ,48902  ,TRANSF CORRENTS ENTITATS                          ,062,3112 ,48902 ,4000,1378.64,,3325.18
2025,011  ,9203 ,12003  ,SOUS DEL GRUP C1                                  ,,9    ,1     ,0,11826.64,,0
2025,062  ,3112 ,48903  ,TRANSF CORRENTS ASSOCIACIÓ FAMILIARS ALZHEIMER    ,062,3112 ,48903 ,32000,12800,,32000
2025,062  ,3112 ,48906  ,CONVENI CREU ROJA                                 ,062,3112 ,48906 ,6000,2400,,6000
2025,062  ,3113 ,12001  ,SOUS DEL GRUP A2                                  ,,3    ,1     ,61767.04,0,,30509.92
2025,062  ,3113 ,12006  ,TRIENNIS                                          ,,3    ,1     ,10898.99,0,,5246.9
2025,062  ,3113 ,12100  ,COMPLEMENT DE DESTINACIÓ                          ,,3    ,1     ,25700.36,0,,12699.28
2025,062  ,3113 ,12101  ,COMPLEMENT ESPECÍFIC                              ,,3    ,1     ,53000.92,0,,26184.77
2025,062  ,3113 ,13000  ,RETRIBUCIONS BÀSIQUES PERSONAL LABORAL FIX        ,,3    ,1     ,91947.02,0,,45966.94
2025,062  ,3113 ,16000  ,QUOTES SEGURETAT SOCIAL                           ,,3    ,1     ,77753.36,0,,26074.38
2025,062  ,3113 ,22113  ,MATERIAL SANITAT AMBIENTAL                        ,062,31   ,22    ,17000,0,,100
2025,062  ,3113 ,22799  ,SERVEIS DIVERSOS SEGURETAT ALIMENTARI             ,062,31   ,22    ,18000,0,,0
2025,062  ,3113 ,227992 ,TREBALLS TÈCNICS ANÀLISI AIGUA I ALIMENTS         ,062,31   ,22    ,63840,-374.86,,31577.35
2025,062  ,3113 ,227994 ,GESTIÓ COLÒNIES CONTRALADES GATS                  ,062,31   ,22    ,84000,0,,28529.75
2025,062  ,3113 ,465    ,"TRANSF. CORRENTS COMARQUES, CONV MOSQUITS         ",062,3113 ,465   ,20000,374.86,,0
2025,062  ,312  ,22799  ,CONTR PREST SERVEIS PERS AMB VULNERABILITAT       ,062,31   ,22    ,240000,0,,100000
2025,062  ,493  ,12001  ,SOUS DEL GRUP A2                                  ,,4    ,1     ,15441.76,0,,7720.88
2025,062  ,493  ,12006  ,TRIENNIS                                          ,,4    ,1     ,7122.96,0,,3561.48
2025,062  ,493  ,12100  ,COMPLEMENT DE DESTINACIÓ                          ,,4    ,1     ,6613.18,0,,3306.59
2025,062  ,493  ,12101  ,COMPLEMENT ESPECÍFIC                              ,,4    ,1     ,13452.46,0,,6726.23
2025,062  ,493  ,16000  ,QUOTES SEGURETAT SOCIAL                           ,,4    ,1     ,11267.16,0,,4856.35
2025,063  ,135  ,12000  ,SOUS DEL GRUP A1                                  ,,1    ,1     ,17560.44,0,,7843.55
2025,063  ,135  ,12001  ,SOUS DEL GRUP A2                                  ,,1    ,1     ,15441.76,0,,7720.88
2025,063  ,135  ,12006  ,TRIENNIS                                          ,,1    ,1     ,9464.38,0,,4637.75
2025,063  ,135  ,12100  ,COMPLEMENT DE DESTINACIÓ                          ,,1    ,1     ,17129.28,0,,8084.19
2025,063  ,135  ,12101  ,COMPLEMENT ESPECÍFIC                              ,,1    ,1     ,38341.52,0,,17961.15
2025,032  ,432  ,609    ,INV NOVA EN INSTAL LACIONS ACCIÓ AMBIENTAL        ,032,432  ,609   ,0,205537.26,,0
2025,032  ,920  ,632    ,MILLORA EFICIENCIA ENERGÈTICA EQUIPAM MUNICIPALS  ,032,920  ,632   ,0,28738.79,,28738.78
2025,021  ,150  ,6401   ,ACORD MARC REDACCIÓ DE PROJECTES                  ,021,150  ,6401  ,0,18891.28,,3438.8
2025,014  ,231  ,625    ,INV NOU MOBILIARI ALLOTJAMENT TEMPORAL EMERGENCIA ,014,231  ,625   ,0,73982.09,,0
2025,063  ,135  ,16000  ,QUOTES SEGURETAT SOCIAL                           ,,1    ,1     ,28198.08,0,,12413.37
2025,063  ,135  ,22199  ,MATERIAL DIVERS - PROTECCIÓ CIVIL                 ,063,13   ,22    ,2000,0,,0
2025,063  ,231  ,226992 ,ALTRES DESPESES ACCIÓ COMUNITÀRIA                 ,063,23   ,22    ,5000,0,,1590
2025,063  ,2311 ,48916  ,TRANSF CORRENTS FEDERACIO SALUT MENTAL CATALUNYA  ,063,2311 ,48916 ,38000,15200,,38000
2025,063  ,2312 ,221991 ,SUBMINISTRAMENTS DIVERSOS                         ,063,23   ,22    ,3000,0,,898.73
2025,063  ,2312 ,48903  ,TRANSF CORRENTS GENT GRAN                         ,063,2312 ,48903 ,4000,0,,0
2025,063  ,2312 ,48905  ,"TRANSF CORRENTS COOP VIVENDES, CASAL AVIS         ",063,2312 ,48905 ,40000,16000,,16000
2025,063  ,2314 ,48902  ,TRANSF CORRENTS DIVERSITAT FUNCIONAL              ,063,2314 ,48902 ,10000,4000,,9319.9
2025,063  ,2314 ,48906  ,TRANSF CORRENTS DISPRAT-LLEURE                    ,063,2314 ,48906 ,70000,28000,,70000
2025,063  ,2314 ,789    ,TRANSF CAPITAL ADAP VEHICLES SERVEI PUBLIC        ,063,2314 ,789   ,30000,30000,,0
2025,063  ,2316 ,227991 ,PRESTACIÓ DE SERVEIS IGUALTAT I FEMINISMES        ,063,23   ,22    ,20000,0,,4592.5
2025,063  ,2316 ,227995 ,PRESTACIÓ SERVEIS ACTIVITATS EDUCATIVES           ,063,23   ,22    ,8500,0,,0
2025,063  ,2316 ,48901  ,TRANSF CORRENTS IGUALTAT I DRETS SOCIALS          ,063,2316 ,48901 ,4000,565.2,,1670.7
2025,063  ,2317 ,12001  ,SOUS DEL GRUP A2                                  ,,2    ,1     ,61767.04,0,,30883.53
2025,063  ,2317 ,12006  ,TRIENNIS                                          ,,2    ,1     ,10097.14,0,,4934.32
2025,063  ,2317 ,12100  ,COMPLEMENT DE DESTINACIÓ                          ,,2    ,1     ,26828.62,0,,13293.39
2025,063  ,2317 ,12101  ,COMPLEMENT ESPECÍFIC                              ,,2    ,1     ,55407.66,0,,27703.83
2025,063  ,2317 ,13000  ,RETRIBUCIONS BÀSIQUES PERSONAL LABORAL FIX        ,,2    ,1     ,39229.15,0,,19523.68
2025,063  ,2317 ,16000  ,QUOTES SEGURETAT SOCIAL                           ,,2    ,1     ,61224.2,0,,24712.6
2025,063  ,2318 ,12001  ,SOUS DEL GRUP A2                                  ,,2    ,1     ,30883.52,-15441.76,,7720.88
2025,063  ,2318 ,12003  ,SOUS DEL GRUP C1                                  ,,2    ,1     ,11826.64,0,,5913.32
2025,063  ,2318 ,12004  ,SOUS DEL GRUP C2                                  ,,2    ,1     ,30073.92,0,,15036.96
2025,063  ,2318 ,12006  ,TRIENNIS                                          ,,2    ,1     ,13810.05,0,,12581.43
2025,063  ,2318 ,12100  ,COMPLEMENT DE DESTINACIÓ                          ,,2    ,1     ,36438.5,0,,18160.46
2025,063  ,2318 ,12101  ,COMPLEMENT ESPECÍFIC                              ,,2    ,1     ,83530.44,0,,41610.99
2025,063  ,2318 ,13000  ,RETRIBUCIONS BÀSIQUES PERSONAL LABORAL FIX        ,,2    ,1     ,17363.44,0,,0
2025,063  ,2318 ,16000  ,QUOTES SEGURETAT SOCIAL                           ,,2    ,1     ,69493.79,0,,25408.6
2025,063  ,2319 ,12001  ,SOUS DEL GRUP A2                                  ,,2    ,1     ,61767.04,0,,23883.25
2025,063  ,2319 ,12006  ,TRIENNIS                                          ,,2    ,1     ,7557.16,0,,2362.82
2025,063  ,2319 ,12100  ,COMPLEMENT DE DESTINACIÓ                          ,,2    ,1     ,26452.44,0,,10247.24
2025,063  ,2319 ,12101  ,COMPLEMENT ESPECÍFIC                              ,,2    ,1     ,55407.66,0,,21644.02
2025,063  ,2319 ,16000  ,QUOTES SEGURETAT SOCIAL                           ,,2    ,1     ,48189.87,0,,15003.38
2025,063  ,327  ,22799  ,CONTR PREST SERVEIS COOPERACIÓ                    ,063,32   ,22    ,12750,0,,1300
2025,063  ,327  ,48901  ,TRANSF CORRENTS PROGRAMES COOPERACIÓ              ,063,327  ,48901 ,25000,0,,0
2025,063  ,327  ,48902  ,TRANSF CORRENTS EDUCACIÓ PEL DESENVOLUPAMENT      ,063,327  ,48902 ,10000,0,,0
2025,063  ,327  ,48905  ,TRANSF CORRENTS FONS CATALÀ DE COOPERACIÓ         ,063,327  ,48905 ,33000,0,,6215
2025,063  ,327  ,48907  ,TRANSF CORRENTS OPEN ARMS                         ,063,327  ,48907 ,20000,12000,,0
2025,063  ,327  ,48909  ,TRANSF CORRENTS AJUDA HUMANITÀRIA                 ,063,327  ,48909 ,0,5000,,0
2025,063  ,912  ,10000  ,RETRIBUCIONS BÀSIQUES ÒRGANS DE GOVERN            ,,9    ,1     ,66588.76,0,,33294.38
2025,063  ,912  ,16000  ,QUOTES SEGURETAT SOCIAL                           ,,9    ,1     ,18845.88,0,,8180.2
2025,063  ,924  ,22101  ,CONSUM AIGUA HORTS CIUTADANS                      ,,9    ,221   ,25850,0,,0
2025,063  ,924  ,22699  ,DESP DIVERSES ACCIÓ COMUNITARIA                   ,063,92   ,22    ,10000,0,,751.22
2025,063  ,924  ,227997 ,GESTIÓ HORTS MUNICIPALS                           ,063,92   ,22    ,110000,0,,43886.25
2025,063  ,924  ,48901  ,TRANSF CORRENTS PROMOCIÓ CÍVICA                   ,063,924  ,48901 ,42000,14000,,33991.2
2025,063  ,924  ,48903  ,TRANSF COR CENTRE INF TREBALLADORS ESTRANGERS (CIT,063,924  ,48903 ,0,3200,,3200
2025,063  ,924  ,48904  ,TRANSF CORRENTS ASSOC VEINS LA BARCELONETA        ,063,924  ,48904 ,0,5400,,5400
2025,064  ,3302 ,12001  ,SOUS DEL GRUP A2                                  ,,3    ,1     ,16986,13897.52,,14626.78
2025,064  ,3302 ,12006  ,TRIENNIS                                          ,,3    ,1     ,1879.44,962.72,,1514.12
2025,064  ,3302 ,12100  ,COMPLEMENT DE DESTINACIÓ                          ,,3    ,1     ,11593.54,5989.48,,8390.77
2025,064  ,3302 ,12101  ,COMPLEMENT ESPECÍFIC                              ,,3    ,1     ,25801.58,12147.66,,18083.74
2025,064  ,3302 ,13000  ,RETRIBUCIONS BÀSIQUES PERSONAL LABORAL FIX        ,,3    ,1     ,44804.4,0,,22358.02
2025,064  ,3302 ,16000  ,QUOTES SEGURETAT SOCIAL                           ,,3    ,1     ,35566.86,10521.96,,19188.89
2025,064  ,334  ,48905  ,TRANSF CORRENTS AGRUPACIÓ CONXITA BUSQUETS        ,064,334  ,48905 ,10900,4360,,10900
2025,064  ,334  ,48906  ,TRANSF CORRENTS CE EL GLOBUS                      ,064,334  ,48906 ,27500,11000,,27500
2025,064  ,334  ,48907  ,TRANSF CORRENTS GRUP INFANTIL SANT COSME          ,064,334  ,48907 ,22600,8800,,8800
2025,064  ,334  ,48908  ,TRANSF CORRENTS AE ANTON VILA                     ,064,334  ,48908 ,3100,1240,,3100
2025,064  ,334  ,48910  ,TRANSF CORRENTS SANT PERE I SANT PAU              ,064,334  ,48910 ,3100,1240,,3100
2025,064  ,334  ,48911  ,TRANSF CORRENTS IMAGINARIUM                       ,064,334  ,48911 ,1200,480,,1200
