#a,Org.,Prog.,Econ.,Denominación (cat),Vinc. Org.,Vinc. Fun.,Vinc. Eco.,Créditos Iniciales,Modificaciones de crècido,l,Obligaciones reconegudes
2025,061  ,3412 ,226093 ,DESP NIT DE L'ESPORT                              ,061,34   ,22    ,10720,0,,8891.18
2025,064  ,334  ,227991 ,PROJECTE JOVES I MEDI OBERT                       ,064,33   ,22    ,163000,60000,,108799.62
2025,0113 ,132  ,214    ,POLICIA LOCAL-VEHICLES                            ,011,13   ,21    ,49500,0,,0
2025,061  ,3412 ,227991 ,DESP CURSA POPULAR                                ,061,34   ,22    ,16528,0,,330
2025,061  ,3411 ,48902  ,CONVENI CB PRAT PROMOCIÓ BASQUET                  ,061,3411 ,48902 ,248000,0,,189400
2025,012  ,9204 ,131021 ,INCENTIU PRODUCTIVITAT NO ABSENTISME LABORAL TEMP ,,9    ,1     ,6366.67,0,,5450
2025,051  ,2412 ,12101  ,COMPLEMENT ESPECÍFIC                              ,051,2412 ,12101 ,245796.04,113195.64,,230998.25
2025,031  ,1532 ,151    ,GRATIFICACIÓ SERVEIS FUNCIONARIS                  ,,1    ,1     ,12000,0,,13888.65
2025,061  ,3421 ,121031 ,ALTRES COMPLEMENTS                                ,,3    ,1     ,2600,0,,4841.21
2025,042  ,334  ,227991 ,PROGRAMA ARTS EN VIU                              ,042,33   ,22    ,250000,0,,196420.86
2025,044  ,2311 ,2279904,CONTR PRESTACIO SERVEIS CURES                     ,044,2311 ,227990,69676,-2009,,32328.45
2025,044  ,2313 ,227993 ,CONT SERVEI D'INTERVENCIÓ SOCIOEDUCATIVA          ,044,23   ,22    ,549916,11383.75,,377994.23
2025,032  ,170  ,227992 ,CONTR PREST SERVEIS EDUCACIÓ AMBIENTAL            ,032,17   ,22    ,121000,0,,48900.81
2025,032  ,419  ,22799  ,PRESTACIÓ SERVEIS AGRIGULTURA                     ,032,41   ,22    ,25000,0,,0
2025,041  ,326  ,489    ,TRANSF CORRENTS AMPAS                             ,041,32   ,48    ,40450,0,,16180
2025,041  ,326  ,48901  ,TRANSF CORRENTS PROJECTES PEDAGÒGICS              ,041,32   ,48    ,4028,0,,4399.99
2025,032  ,1722 ,227992 ,OFICINA D'ENERGIA I CLIMA                         ,032,17   ,22    ,100000,0,,59093.6
2025,031  ,1500 ,22199  ,"BRIGADA, MATERIAL TÈCNIC                          ",031,15   ,22    ,41820,224.42,,4457.73
2025,042  ,333  ,227994 ,CONTR PREST SERVEIS CC JARDINS DE LA PAU          ,042,33   ,22    ,334273,0,,222848.64
2025,051  ,2412 ,12001  ,SOUS DEL GRUP A2                                  ,051,2412 ,12001 ,305497.94,186728.38,,299988.4
2025,041  ,3231 ,227992 ,CONTR PREST SERVEIS AUX ESCOLA BRESSOL            ,041,32   ,22    ,162520,0,,105086.26
2025,031  ,1532 ,2191   ,SUBM. MOBILIARI URBÀ                              ,031,15   ,21    ,195330,10448.27,,10710.02
2025,031  ,1532 ,210    ,VIES PÚBLIQUES CONSERV-REPARACIÓ                  ,031,15   ,21    ,546148,26834.04,,106471.06
2025,044  ,2311 ,622    ,INV NOVA RESIDENCIA D'AVIS                        ,044,2311 ,622   ,12225869.27,0,,5476935.64
2025,012  ,920  ,23120  ,LOCOMOCIÓ PERSONAL NO DIRECTIU                    ,012,92   ,23    ,12500,0,,4820.68
2025,011  ,9201 ,12101  ,COMPLEMENT ESPECÍFIC                              ,,9    ,1     ,161942.9,0,,84957.79
2025,061  ,3411 ,22199  ,FOMENT ASSOC.ESPORTIU-MATERIAL-TROFEUS            ,061,34   ,22    ,15650,0,,2492.08
2025,061  ,342  ,227991 ,CONTR PREST SERVEIS ESPORTS                       ,061,34   ,22    ,1013000,2226.4,,660967
2025,012  ,912  ,489    ,TRANSF CORRENTS GRUPS MUNICIPALS                  ,012,912  ,489   ,192000,0,,144000
2025,021  ,1521 ,209    ,CÀNONS CONVENIS HABITATGE                         ,021,1521 ,209   ,82000,0,,1219.05
2025,0111 ,920  ,227062 ,ESTUDIS I TREBALLS TÈCNICS TIC                    ,011,92   ,22    ,45000,2178,,16495
2025,041  ,3231 ,227996 ,CONTR PREST SERV ESCOLA BRESSOL LA BLAVETA        ,041,32   ,22    ,615903,25007.35,,301166.02
2025,031  ,920  ,22799  ,CONTR PREST SERVEIS INFRAES VÀRIES                ,031,92   ,22    ,306528,5437.56,,102513.24
2025,031  ,165  ,22799  ,"ENLLUMENAT PÚBLIC, PREST SERVEIS                  ",031,16   ,22    ,878532,0,,495944.3
2025,012  ,9209 ,121039 ,RETRIBUCIONS COMPLEMENTÀRIES SUPLÈNCIES           ,,9    ,1     ,2000,0,,5550.8
2025,0111 ,920  ,227063 ,OFICINA TÈCNICA DESENVOLUPAMENT PROGRAMARI SITIC  ,011,92   ,22    ,670000,-80000,,301084.24
2025,041  ,3231 ,121039 ,RETRIBUCIONS COMPLEMENTÀRIES SUPLÈNCIES           ,,3    ,1     ,20000,0,,19960.33
2025,051  ,433  ,22799  ,CONTR PREST SERVEIS-ACTIV.ECONÒMICA               ,051,43   ,22    ,40000,0,,16069.6
2025,041  ,326  ,227993 ,PREST SERV CIUTAT DELS INFANTS                    ,041,32   ,22    ,16900,0,,9832
2025,021  ,160  ,22706  ,PLA DIRECTOR CLAVEGUERAM                          ,021,16   ,22    ,0,24079,,0
2025,061  ,3412 ,227993 ,CAMPANYA NATACIÓ ESCOLAR AMB EDUCACIÓ             ,061,34   ,22    ,18000,0,,7921.55
2025,041  ,326  ,227995 ,PLA EDUCATIU D'ENTORN                             ,041,32   ,22    ,168659,0,,102240.65
2025,012  ,920  ,227061 ,ESTUDIS I TREBALLS TÈCNICS                        ,012,92   ,22    ,100000,21712.24,,20924.59
2025,051  ,2416 ,16000  ,QUOTES SEGURETAT SOCIAL DIBA                      ,051,2416 ,16000 ,8156.5,52170.2,,34462.5
2025,044  ,2311 ,16000  ,QUOTES SEGURETAT SOCIAL                           ,,2    ,1     ,562137.16,0,,333643.68
2025,052  ,912  ,16000  ,QUOTES SEGURETAT SOCIAL                           ,,9    ,1     ,18817.08,0,,14705.39
2025,042  ,333  ,16000  ,QUOTES SEGURETAT SOCIAL                           ,,3    ,1     ,7073.4,0,,3582.18
2025,042  ,3301 ,16000  ,QUOTES SEGURETAT SOCIAL                           ,,3    ,1     ,28610.52,0,,18728.25
2025,041  ,912  ,16000  ,QUOTES SEGURETAT SOCIAL                           ,,9    ,1     ,18845.88,0,,23292.14
2025,041  ,3200 ,16000  ,QUOTES SEGURETAT SOCIAL                           ,,3    ,1     ,87969.78,0,,68050.13
2025,032  ,170  ,16000  ,QUOTES SEGURETAT SOCIAL                           ,,1    ,1     ,198970.42,0,,116631.54
2025,031  ,912  ,16000  ,QUOTES SEGURETAT SOCIAL                           ,,9    ,1     ,18845.88,0,,14726.56
2025,031  ,1500 ,16000  ,QUOTES SEGURETAT SOCIAL                           ,,1    ,1     ,185741.04,0,,142709.17
2025,021  ,912  ,16000  ,QUOTES SEGURETAT SOCIAL                           ,,9    ,1     ,18845.88,0,,14731.44
2025,042  ,333  ,227999 ,CONTR PREST SERVEIS L'ARTESÀ                      ,042,33   ,22    ,786192,46630.93,,559004.49
2025,041  ,326  ,227999 ,PROJECTE D'IMPULS DE L'ANGLÈS                     ,041,32   ,22    ,308301,0,,172396
2025,064  ,334  ,22799  ,PLA JOVE                                          ,064,33   ,22    ,350000,30000,,218228.08
2025,061  ,3401 ,12101  ,COMPLEMENT ESPECÍFIC                              ,,3    ,1     ,78700.72,-11963.7,,43165.1
2025,021  ,1513 ,16000  ,QUOTES SEGURETAT SOCIAL                           ,,1    ,1     ,203601.48,0,,126289.4
2025,021  ,1500 ,16000  ,QUOTES SEGURETAT SOCIAL                           ,,1    ,1     ,34534.74,0,,23518.32
2025,014  ,912  ,16000  ,QUOTES SEGURETAT SOCIAL                           ,,9    ,1     ,18845.88,0,,14726.56
2025,014  ,1512 ,16000  ,QUOTES SEGURETAT SOCIAL                           ,,1    ,1     ,211914.34,0,,144553.25
2025,012  ,934  ,16000  ,QUOTES SEGURETAT SOCIAL                           ,,9    ,1     ,62173.42,0,,34283.74
2025,012  ,9208 ,16000  ,QUOTES SEGURETAT SOCIAL                           ,,9    ,1     ,71142.36,0,,44595.37
2025,012  ,92010,16000  ,QUOTES SEGURETAT SOCIAL                           ,,9    ,1     ,116774.99,0,,58817.75
2025,012  ,9204 ,13199  ,RETRIBUCIONS PERSONAL LABORAL TEMPORAL-SUPLÈNCIES ,,9    ,1     ,20000,0,,22295.27
2025,012  ,912  ,16000  ,QUOTES SEGURETAT SOCIAL                           ,,9    ,1     ,90702.48,0,,55760.86
2025,0111 ,925  ,16000  ,QUOTES SEGURETAT SOCIAL                           ,,9    ,1     ,129204.99,0,,92163.72
2025,0111 ,9207 ,16000  ,QUOTES SEGURETAT SOCIAL                           ,,9    ,1     ,272615.72,0,,184512.76
2025,011  ,912  ,16000  ,QUOTES SEGURETAT SOCIAL                           ,,9    ,1     ,15137.28,0,,13148.58
2025,031  ,171  ,634    ,INVERSIÓ ELEMENTS DE TRANSPORT                    ,031,171  ,634   ,20000,185739,,17425.16
2025,051  ,2412 ,22799  ,CONTR PREST SERVEIS -FORMACIÓ I OCUPACIÓ          ,051,2412 ,22799 ,58150,195549.83,,150794.65
2025,052  ,430  ,22799  ,CONTR PREST SERVEIS DINAMITZACIÓ COMERCIAL        ,052,43   ,22    ,55000,0,,937.08
2025,061  ,3411 ,227993 ,DESP DIVERSES ACTIVITATS ESTIU                    ,061,34   ,22    ,9719,0,,7253.95
2025,011  ,9201 ,226011 ,ATENCIONS PROTOCOL·LÀRIES                         ,011,92   ,22    ,50000,1614.81,,30377.68
2025,042  ,336  ,227991 ,ACTIVITATS HISTÒRIA LOCAL                         ,042,33   ,22    ,34000,1000,,10982.81
2025,041  ,326  ,48911  ,TRANSF CORRENTS ESCOLA PEPA COLOMER               ,041,326  ,48911 ,4284,0,,1744
2025,044  ,2312 ,13001  ,HORES EXTRAORDINÀRIES PERSONAL LABORAL FIX        ,,2    ,1     ,600,0,,4429.89
2025,012  ,920  ,22500  ,TRIBUTS ESTATALS (Impost producció elèctrica)     ,012,92   ,22    ,1000,0,,0
2025,061  ,3423 ,121031 ,ALTRES COMPLEMENTS                                ,,3    ,1     ,1500,0,,5374.08
2025,012  ,920  ,22104  ,VESTUARI                                          ,012,92   ,22    ,25000,0,,1380.11
2025,061  ,3421 ,13002  ,ALTRES REMUNERACIONS PERSONAL LABORAL FIX         ,,3    ,1     ,7431.29,0,,5181.24
2025,044  ,2311 ,2279901,SERVEIS DE SUPORT PSICOLOGIC - SERVEIS BÀSICS     ,044,23   ,22    ,38300,6164.76,,31844.2
2025,0112 ,4311 ,22799  ,"CONTR PREST SERVEIS -FIRA AVÍCOLA, MOSTRA CIAL    ",011,43   ,22    ,245000,37871,,11920.63
2025,041  ,3232 ,221042 ,VESTUARI EDUCACIÓ                                 ,041,32   ,22    ,8500,0,,1557.49
2025,051  ,2413 ,1430   ,PLANS OCUPACIÓ                                    ,051,2413 ,1430  ,223000,0,,112341.99
2025,041  ,3231 ,226992 ,DESP DIVERSES-ESCOLA BRESSOL                      ,041,32   ,22    ,9000,0,,1175.67
2025,064  ,334  ,465    ,TRANSF CONVENI ASS. MOBILITAT INTERN. JOVES       ,064,334  ,465   ,1702,0,,1227.16
2025,063  ,2312 ,227995 ,CONTR PREST SERVEIS GENT GRAN                     ,063,23   ,22    ,405092,3809,,276974.89
2025,014  ,4411 ,464    ,TRANSF TRANSPORT URBÀ                             ,014,4411 ,464   ,410435,0,,0
2025,021  ,150  ,22699  ,DESP DIVERSES                                     ,021,15   ,22    ,600,0,,741.35
2025,021  ,150  ,22706  ,ESTUDIS I TREBALLS TÈCNICS                        ,021,15   ,22    ,9000,11000,,726
2025,021  ,150  ,46601  ,QUOTA MEMBRE ASSOC MUNICIPIS I ENTITATS PER L'AIGU,021,150  ,46601 ,2240,66.85,,2306.85
2025,021  ,150  ,49001  ,QUOTA MEMBRE AIRPORT REGIONS COUNCIL (ARC)        ,021,150  ,49001 ,9000,23334,,32334
2025,021  ,1500 ,12000  ,SOUS DEL GRUP A1                                  ,,1    ,1     ,35120.88,0,,25817.56
2025,021  ,1500 ,12100  ,COMPLEMENT DE DESTINACIÓ                          ,,1    ,1     ,22082.9,0,,14111.14
2025,021  ,151  ,464    ,APORTACIÓ CONVENI DISCIPLINA URBANÍSTICA AMB      ,021,151  ,464   ,16686,16685.19,,33370.38
2025,021  ,1513 ,12000  ,SOUS DEL GRUP A1                                  ,,1    ,1     ,82177.98,0,,52046.54
2025,021  ,1513 ,12001  ,SOUS DEL GRUP A2                                  ,,1    ,1     ,46325.28,0,,27119.01
2025,021  ,1513 ,12004  ,SOUS DEL GRUP C2                                  ,,1    ,1     ,40098.56,0,,22551.48
2025,021  ,1513 ,12006  ,TRIENNIS                                          ,,1    ,1     ,34326.55,0,,23903.97
2025,021  ,1513 ,12100  ,COMPLEMENT DE DESTINACIÓ                          ,,1    ,1     ,99337.6,0,,66517.53
2025,021  ,1513 ,12101  ,COMPLEMENT ESPECÍFIC                              ,,1    ,1     ,244849.04,0,,163105.02
2025,021  ,1513 ,13000  ,RETRIBUCIONS BÀSIQUES PERSONAL LABORAL FIX        ,,1    ,1     ,45864.14,0,,33310.05
2025,014  ,933  ,632    ,INV MILLORA EQUIPAMENTS I SERVEIS                 ,014,933  ,632   ,2050187.5,1347269.79,,462360.31
2025,042  ,333  ,227997 ,CONTR PREST SERVEIS CÈNTRIC                       ,042,33   ,22    ,353369,0,,235579.28
2025,042  ,333  ,22102  ,CONSUM GAS EDIFICIS CULTURA                       ,,3    ,221   ,77648,9481.34,,63832.16
2025,012  ,9205 ,12006  ,TRIENNIS                                          ,,9    ,1     ,18505.96,0,,14763.62
2025,021  ,1514 ,12001  ,SOUS DEL GRUP A2                                  ,,1    ,1     ,46325.28,0,,33877.71
2025,021  ,1514 ,12003  ,SOUS DEL GRUP C1                                  ,,1    ,1     ,23653.28,0,,8596.66
2025,021  ,1514 ,12100  ,COMPLEMENT DE DESTINACIÓ                          ,,1    ,1     ,52962.7,0,,30950.14
2025,021  ,1514 ,13000  ,RETRIBUCIONS BÀSIQUES PERSONAL LABORAL FIX        ,,1    ,1     ,34358.86,0,,24893.7
2025,021  ,1514 ,16000  ,QUOTES SEGURETAT SOCIAL                           ,,1    ,1     ,104979.88,-12000,,63941.09
2025,021  ,1521 ,467    ,APORT. CONSORCI PRAT NORD                         ,021,1521 ,467   ,25000,0,,0
2025,021  ,1521 ,48903  ,TRANSF CORRENTS AJUTS AL LLOGUER                  ,021,1521 ,48903 ,65000,0,,0
2025,021  ,231  ,48905  ,SUBVENCIONS I AJUTS HABITATGE                     ,021,231  ,48905 ,58000,9000,,0
2025,031  ,1321 ,12000  ,SOUS DEL GRUP A1                                  ,,1    ,1     ,52681.32,0,,38726.34
2025,051  ,326  ,227993 ,SERV COMPL EDUCACIO A DESENVOLUPAMENT ECONOMIC    ,051,32   ,22    ,3600,0,,579.35
2025,031  ,1321 ,12006  ,TRIENNIS                                          ,,1    ,1     ,26947.39,0,,15047.95
2025,031  ,1321 ,12100  ,COMPLEMENT DE DESTINACIÓ                          ,,1    ,1     ,65667.28,0,,43928.41
2025,031  ,1321 ,16000  ,QUOTES SEGURETAT SOCIAL                           ,,1    ,1     ,122542.08,0,,85210.27
2025,031  ,1321 ,22699  ,DESPESES DIVERSES - VIA PÚBLICA                   ,031,13   ,22    ,850,0,,200
2025,031  ,1500 ,12000  ,SOUS DEL GRUP A1                                  ,,1    ,1     ,8780.2,0,,0
2025,031  ,1500 ,12001  ,SOUS DEL GRUP A2                                  ,,1    ,1     ,38464.98,0,,31122.21
2025,031  ,1500 ,12003  ,SOUS DEL GRUP C1                                  ,,1    ,1     ,47182.47,0,,32235.61
2025,031  ,1500 ,12006  ,TRIENNIS                                          ,,1    ,1     ,17730.49,0,,15080.81
2025,031  ,1500 ,12101  ,COMPLEMENT ESPECÍFIC                              ,,1    ,1     ,173493.32,0,,130756.72
2025,031  ,1500 ,13001  ,HORES EXTRAORDINÀRIES PERSONAL LABORAL FIX        ,,1    ,1     ,1000,0,,1568.96
2025,031  ,1500 ,151    ,GRATIFICACIÓ SERVEIS FUNCIONARIS                  ,,1    ,1     ,1000,0,,577.64
2025,031  ,1501 ,12005  ,SOUS DEL GRUP E                                   ,,1    ,1     ,18265.07,0,,11030.17
2025,031  ,1501 ,12100  ,COMPLEMENT DE DESTINACIÓ                          ,,1    ,1     ,6794.97,0,,4328.02
2025,031  ,1501 ,13000  ,RETRIBUCIONS BÀSIQUES PERSONAL LABORAL FIX        ,,1    ,1     ,331574.14,0,,171082.57
2025,031  ,1321 ,12004  ,SOUS DEL GRUP C2                                  ,,1    ,1     ,65160.14,0,,44091.4
2025,031  ,1532 ,226991 ,ALTRES DESPESES EXECUCIONS SUBSIDIÀRIES           ,031,1532 ,226991,13700,9495.87,,13176.9
2025,031  ,1532 ,619    ,INVERSIO MILLORA ESPAI PUBLIC                     ,031,1532 ,619   ,874839.82,43511.43,,391071.12
2025,031  ,160  ,22700  ,"CLAVEGUERAM, CONT PREST SERVEIS                   ",031,16   ,22    ,1319816,-1314038.98,,5777.02
2025,031  ,171  ,13000  ,RETRIBUCIONS BÀSIQUES PERSONAL LABORAL FIX        ,,1    ,1     ,58059.66,0,,19349.71
2025,031  ,171  ,13001  ,HORES EXTRAORDINÀRIES PERSONAL LABORAL FIX        ,,1    ,1     ,475,0,,0
2025,031  ,171  ,16000  ,QUOTES SEGURETAT SOCIAL                           ,,1    ,1     ,21530.64,0,,-1097.41
2025,031  ,920  ,22101  ,CONSUM AIGUA EDIFICIS MPALS                       ,,9    ,221   ,45920,0,,15037.86
2025,032  ,161  ,44901  ,TRANSF CORRENTS REBUTS APSA FAMILIES VULNERABLES  ,032,161  ,44901 ,25000,0,,24993.92
2025,032  ,170  ,11000  ,RETRIBUCIONS BÀSIQUES PERSONAL EVENTUAL           ,,1    ,1     ,83092.21,0,,60118.3
2025,032  ,170  ,12001  ,SOUS DEL GRUP A2                                  ,,1    ,1     ,23162.7,0,,11379.7
2025,032  ,170  ,12004  ,SOUS DEL GRUP C2                                  ,,1    ,1     ,30073.92,0,,16218.33
2025,032  ,170  ,12100  ,COMPLEMENT DE DESTINACIÓ                          ,,1    ,1     ,62625.5,0,,33845.74
2025,032  ,170  ,12101  ,COMPLEMENT ESPECÍFIC                              ,,1    ,1     ,149333.52,-15000,,78146.2
2025,032  ,170  ,13000  ,RETRIBUCIONS BÀSIQUES PERSONAL LABORAL FIX        ,,1    ,1     ,201127.46,0,,137863.01
2025,044  ,231  ,22199  ,SUBMINISTRAMENT AREA                              ,044,23   ,22    ,2000,4785.55,,7241.85
2025,031  ,1501 ,13001  ,HORES EXTRAORDINÀRIES PERSONAL LABORAL FIX        ,,1    ,1     ,5000,0,,6536.83
2025,051  ,2411 ,12100  ,COMPLEMENT DE DESTINACIÓ                          ,,2    ,1     ,40418.14,3036,,29206.86
2025,051  ,2411 ,12101  ,COMPLEMENT ESPECÍFIC                              ,,2    ,1     ,99100.96,8629,,72522.58
2025,051  ,2411 ,16000  ,QUOTES SEGURETAT SOCIAL                           ,,2    ,1     ,122852.09,6966,,67039.57
2025,051  ,2412 ,12006  ,TRIENNIS                                          ,051,2412 ,12006 ,48768.38,615.69,,38252.91
2025,051  ,2412 ,12100  ,COMPLEMENT DE DESTINACIÓ                          ,051,2412 ,12100 ,124978.3,69447,,120654.75
2025,051  ,2412 ,13000  ,RETRIBUCIONS BÀSIQUES PERSONAL LABORAL            ,051,2412 ,13000 ,170398.98,2600,,123758.19
2025,051  ,2412 ,221991 ,SUBMINISTRAMENTS DIVERSOS OCUPACIÓ                ,051,2412 ,221991,8000,1500,,3035.04
2025,051  ,2412 ,226021 ,PUBLICITAT I DIFUSIÓ  FORMACIÓ                    ,051,2412 ,226021,500,0,,0
2025,051  ,2412 ,226022 ,PUBLICITAT I DIFUSIÓ  OCUPACIÓ                    ,051,2412 ,226022,500,3000,,0
2025,051  ,2412 ,22699  ,DESP VARIES -FORMACIÓ I OCUPACIÓ                  ,051,2412 ,22699 ,2000,0,,420.53
2025,051  ,2412 ,226992 ,DESP VARIES -OCUPACIÓ                             ,051,2412 ,226992,1000,800,,429.74
2025,051  ,2412 ,48911  ,BEQUES ALUMNES PROGRAMES                          ,051,2412 ,48911 ,100,0,,0
2025,051  ,2413 ,16000  ,QUOTES SEGURETAT SOCIAL                           ,051,2413 ,16000 ,169388.71,0,,32020.93
2025,051  ,2413 ,48901  ,TR CORRENTS EMPRESA INSERCIO SAOPRAT SL           ,051,2413 ,48901 ,155000,66000,,159000
2025,051  ,2413 ,48902  ,TR. CORRENTS FUNDACIO CASSIA JUST                 ,051,2413 ,48902 ,62000,24800,,62000
2025,044  ,231  ,22102  ,CONSUM GAS EDIFICIS SERVEIS SOCIALS               ,,2    ,221   ,14639,869.69,,11083.71
2025,051  ,2413 ,48903  ,TR CORRENTS CPS FRANCESC PALAU                    ,051,2413 ,48903 ,95000,38000,,95000
2025,051  ,2413 ,48904  ,TRANSF CORRENTS GATS (LABESOC)                    ,051,2413 ,48904 ,20000,40000,,40000
2025,051  ,2413 ,48905  ,TR CORR FUNDACIO CATALANA DE L'ESPLAI             ,051,2413 ,48905 ,70000,28000,,28000
2025,051  ,2413 ,48906  ,"TRANSF CORRENTS, AJUTS A LA CONTRACTACIÓ          ",051,2413 ,48906 ,140000,159000,,80918.3
2025,051  ,2413 ,48912  ,TRANSF CORRENTS ECONOMIA SOCIAL I COOPERATIVA     ,051,2413 ,48912 ,40000,12318,,19861.12
2025,051  ,2413 ,48915  ,TRANSF CORRENTS COOPERATIVA OBRERA DE VIVENDES    ,051,2413 ,48915 ,11000,4400,,11000
2025,051  ,2413 ,48917  ,TRANSF CORRENTS COOPERATIVA AGRÍCOLA              ,051,2413 ,48917 ,40000,16000,,16000
2025,051  ,2413 ,48918  ,TRANSF CORRENTS FUNDACIÓ SEIRA                    ,051,2413 ,48918 ,100,0,,0
2025,051  ,2414 ,1430   ,PLANS OCUPACIO SOC                                ,051,2414 ,1430  ,56021,1013166.02,,560794.02
2025,051  ,2414 ,16000  ,QUOTES SEGURETAT SOCIAL SOC                       ,051,2414 ,16000 ,18693.12,349232.41,,165548.32
2025,051  ,2415 ,16000  ,QUOTES SEGURETAT AMB                              ,051,2415 ,16000 ,8156.5,16100,,8007.99
2025,051  ,2416 ,1430   ,PLANS OCUPACIO DIPUTACIÓ                          ,051,2416 ,1430  ,18000,144248.1,,89524.54
2025,051  ,433  ,12003  ,SOUS DEL GRUP C1                                  ,,4    ,1     ,41393.22,0,,32161.49
2025,051  ,433  ,12100  ,COMPLEMENT DE DESTINACIÓ                          ,,4    ,1     ,47718.92,0,,32287.7
2025,051  ,433  ,12101  ,COMPLEMENT ESPECÍFIC                              ,,4    ,1     ,97590.84,0,,65620.38
2025,031  ,920  ,633    ,INVERSIÓ EN MATERIAL INVENTARIABLE MAQUINARIA     ,031,920  ,633   ,5000,0,,4932.02
2025,012  ,221  ,16205  ,ASSEGURANÇA VIDA I ACCIDENTS                      ,,2    ,1     ,131491.46,0,,131491.46
2025,032  ,170  ,22602  ,DESP DIFUSIÓ AMBIENTAL                            ,032,17   ,22    ,5000,0,,100
2025,032  ,170  ,227991 ,CONTR PREST SERV PLATJA                           ,032,17   ,22    ,24000,0,,19342.6
2025,032  ,170  ,227993 ,ESTUDIS I TREBALLS TÈCNICS                        ,032,17   ,22    ,36000,0,,3049.2
2025,032  ,170  ,46602  ,QUOTA MEMBRE ASSOC RED CLIMA I RED BIODIVERSITAT  ,032,170  ,46602 ,1000,0,,1000
2025,032  ,170  ,46603  ,QUOTA MEMBRE ASSOCIACIO MUNICIPIS ENERGIA PUBLICA ,032,170  ,46603 ,3300,0,,3300
2025,032  ,170  ,48904  ,TRANSF CORRENT CRAM                               ,032,170  ,48904 ,30000,12000,,30000
2025,032  ,170  ,48905  ,TRANSF CORRENTS ACCIÓ AMBIENTAL  AGRUP FOTOGRAF   ,032,170  ,48905 ,2500,921.2,,921.2
2025,032  ,1721 ,12006  ,TRIENNIS                                          ,,1    ,1     ,6172.28,0,,4534.94
2025,032  ,1721 ,12101  ,COMPLEMENT ESPECÍFIC                              ,,1    ,1     ,14667.66,0,,10599.4
2025,032  ,1721 ,16000  ,QUOTES SEGURETAT SOCIAL                           ,,1    ,1     ,26473.92,0,,18817.61
2025,032  ,1721 ,22199  ,GESTIÓ-ESPAIS NATURALS                            ,032,17   ,22    ,5000,19719.05,,21724.84
2025,032  ,1722 ,22601  ,DESPESES DIVERSES                                 ,032,17   ,22    ,450,0,,126.75
2025,032  ,1722 ,22701  ,ESTUDIS I TREBALLS TÈCNICS                        ,032,17   ,22    ,30650,0,,6726.9
2025,032  ,1722 ,467    ,APORT. CONSORCI ESPAIS NATURALS DEL DELTA         ,032,1722 ,467   ,60000,0,,45000
2025,014  ,150  ,640    ,"REDACCIÓ DE PROJECTES, ESTUDIS, DIRECCIONS OBRES  ",014,150  ,640   ,195000,859907.18,,153731.35
2025,032  ,419  ,2279901,ESTRATÈGIA ALIMENTACIÓ SOSTENIBLE                 ,032,41   ,22    ,7000,0,,0
2025,032  ,419  ,46601  ,QUOTA MEMBRE ASSOC RED DE CIUDADES POR LA AGRC    ,032,419  ,46601 ,1000,0,,1000
2025,032  ,419  ,48901  ,TRANSF CORRENT PARC AGRARI                        ,032,419  ,48901 ,21000,0,,21000
2025,032  ,419  ,48902  ,TRANSF CORRENT ESPIGOLADORS                       ,032,419  ,48902 ,12000,4800,,12000
2025,032  ,419  ,48905  ,APORTACIÓ FUNDACIÓ POTA BLAVA                     ,032,419  ,48905 ,30000,0,,0
2025,041  ,3200 ,12000  ,SOUS DEL GRUP A1                                  ,,3    ,1     ,23162.7,0,,0
2025,041  ,3200 ,12001  ,SOUS DEL GRUP A2                                  ,,3    ,1     ,30883.52,0,,42352.61
2025,041  ,3200 ,12003  ,SOUS DEL GRUP C1                                  ,,3    ,1     ,11826.64,0,,6913.83
2025,041  ,3200 ,12004  ,SOUS DEL GRUP C2                                  ,,3    ,1     ,40098.56,0,,26572.17
2025,041  ,3200 ,12100  ,COMPLEMENT DE DESTINACIÓ                          ,,3    ,1     ,48198.08,0,,33409.96
2025,041  ,3202 ,12000  ,SOUS DEL GRUP A1                                  ,,3    ,1     ,17560.44,0,,4555.69
2025,041  ,3202 ,12001  ,SOUS DEL GRUP A2                                  ,,3    ,1     ,61767.04,0,,45102.52
2025,041  ,3202 ,12101  ,COMPLEMENT ESPECÍFIC                              ,,3    ,1     ,69865.6,0,,42359.4
2025,032  ,170  ,209    ,CANON FOTOVOLTAIQUES                              ,032,170  ,209   ,1000,0,,0
2025,042  ,334  ,151    ,GRATIFICACIÓ SERVEIS FUNCIONARIS                  ,,3    ,1     ,900,0,,2303.01
2025,042  ,334  ,16000  ,QUOTES SEGURETAT SOCIAL                           ,,3    ,1     ,218988.36,0,,158409.49
2025,042  ,334  ,22706  ,DESPESES DIVERSES ARTS VISUALS                    ,042,33   ,22    ,0,38000,,0
2025,042  ,334  ,227992 ,DESP DIVERSES ARTS EN VIU                         ,042,334  ,227992,6,152125.71,,54553.89
2025,042  ,334  ,227994 ,ARTS VISUALS (CONTR PREST SERVEIS)                ,042,33   ,22    ,25000,0,,0
2025,042  ,334  ,48901  ,TRANSF CORRENTS DINAMITZACIÓ MOV ASSOCIATIU       ,042,334  ,48901 ,16000,6709.55,,16278.95
2025,042  ,334  ,48902  ,TRANSF CORRENTS L'ATÒMICA                         ,042,334  ,48902 ,214900,8000,,151473.4
2025,042  ,334  ,48903  ,TRANSF CORRENTS - PROJECTES EXTRAORDINARIS        ,042,334  ,48903 ,5000,0,,3000
2025,042  ,334  ,48905  ,TRANSF CORRENT BANDA DE MUSICA DEL PRAT           ,042,334  ,48905 ,12000,4800,,12000
2025,042  ,334  ,48906  ,TRANSF CORRENT UNIÓ FILHARMÒNICA                  ,042,334  ,48906 ,12000,4800,,11997.69
2025,042  ,334  ,48910  ,TRANSF CORRENTS ASSOCIACIÓ GEGANTERA DEL PRAT     ,042,334  ,48910 ,6000,2400,,5932.2
2025,042  ,334  ,48911  ,TRANSF CORRENTS TEATRE KADDISH                    ,042,334  ,48911 ,59000,11800,,47200
2025,042  ,334  ,48912  ,TRANSF CORRENT COLLA DIABLES DEL PRAT             ,042,334  ,48912 ,12000,4800,,12000
2025,042  ,334  ,48913  ,TRANSF CORRENT ASSOCIACIÓ GEGANTERA DELTA         ,042,334  ,48913 ,3000,1200,,2287.03
2025,042  ,334  ,48915  ,TRANSF CORRENT FEDERACIÓ EXTREMEÑA                ,042,334  ,48915 ,2500,0,,2500
2025,042  ,334  ,48916  ,TRANSF CORRENT CENTRE D'ESTUDIS COMARC            ,042,334  ,48916 ,4500,1800,,4500
2025,042  ,334  ,48917  ,TRANSF CORRENT CASA DE ANDALUCIA                  ,042,334  ,48917 ,8500,3400,,8499.16
2025,042  ,334  ,48918  ,TRANSF CORRENT CASA DE ARAGÓN                     ,042,334  ,48918 ,11500,4600,,11475.99
2025,042  ,334  ,48919  ,TRANSF CORRENT CASTELLERS DEL PRAT                ,042,334  ,48919 ,12000,4800,,12000
2025,044  ,2315 ,227991 ,PREST SERVEIS PLA ACTUACIÓ SANT COSME             ,044,23   ,22    ,130000,0,,3133.44
2025,021  ,161  ,619    ,MILLORA INFRAESTRUCTURA I BENS US GENERAL         ,021,161  ,619   ,669713.49,712406.69,,426595.99
2025,063  ,135  ,22706  ,ESTUDIS I TREBALLS TÈCNICS PROTECCIÓ CIVIL        ,063,13   ,22    ,15000,0,,0
2025,012  ,920  ,489    ,BEQUES PERSONAL COL·LABORADOR                     ,012,920  ,489   ,32000,10000,,16036.54
2025,044  ,2311 ,48911  ,TRANSF CORRENTS SUPORT ALLOTJAMENTS               ,044,2311 ,48911 ,182680,60995.17,,188465.1
2025,063  ,2316 ,227996 ,PRESTACIÓ SERVEIS DINAMITZACIÓ COMUNITARIA        ,063,23   ,22    ,25000,544.5,,12169.94
2025,061  ,3425 ,22102  ,CONSUM GAS CEM FONDO D'EN PEIXO                   ,,3    ,221   ,48421,1134.28,,45831.54
2025,042  ,334  ,48920  ,TRANSF CORRENT AMICS DEL PRAT                     ,042,334  ,48920 ,8000,2600,,6677.63
2025,042  ,334  ,48922  ,TRANSF CORRENTS SCR LO LLOBREGAT DE LES FLORS     ,042,334  ,48922 ,5100,2040,,5100
2025,042  ,334  ,48923  ,TRANSF CORRENTS AGRUPACIÓ FOTOGRÀFICA PRAT        ,042,334  ,48923 ,2350,940,,2350
2025,042  ,334  ,48924  ,TRANSF CORRENTS AMICS DE LA SARDANA               ,042,334  ,48924 ,5100,2040,,5100
2025,042  ,334  ,48925  ,TRANSF CORRENTS LES CARXOFES DEL PRAT             ,042,334  ,48925 ,3000,1180.8,,2920.8
2025,042  ,334  ,48926  ,TRANSF CORRENTS BALL DE DIABLES                   ,042,334  ,48926 ,6000,0,,3600
2025,042  ,336  ,2260901,ACTIVITATS MEMÒRIA HISTÒRICA                      ,042,33   ,22    ,4000,0,,0
2025,044  ,1522 ,780    ,TRANSF CAP ASCENSORS ST COSME                     ,044,1522 ,780   ,95698,0,,49926.12
2025,044  ,231  ,226992 ,ALTRES DESPESES SERVEIS SOCIALS                   ,044,23   ,22    ,5000,0,,936.77
2025,044  ,231  ,464    ,CONVENI AMB URGÈNCIA SOCIAL  (CUESB)              ,044,231  ,464   ,49711,0,,49710.84
2025,044  ,2310 ,12000  ,SOUS DEL GRUP A1                                  ,,2    ,1     ,52681.32,0,,40622.99
2025,044  ,2310 ,12001  ,SOUS DEL GRUP A2                                  ,,2    ,1     ,109012.32,0,,87725.96
2025,044  ,2310 ,12004  ,SOUS DEL GRUP C2                                  ,,2    ,1     ,106159.66,0,,86207.23
2025,044  ,2310 ,12100  ,COMPLEMENT DE DESTINACIÓ                          ,,2    ,1     ,157970.69,0,,117985.79
2025,044  ,2310 ,13000  ,RETRIBUCIONS BÀSIQUES PERSONAL LABORAL FIX        ,,2    ,1     ,355417.7,0,,200140.82
2025,031  ,171  ,619    ,MILLORA INFRAESTRUCTURA I BENS US GENERAL         ,031,171  ,619   ,864000,214015.55,,247273.68
2025,063  ,2311 ,227997 ,SALUT MENTAL COMUNITARIA                          ,063,23   ,22    ,71524,0,,27793.3
2025,021  ,1521 ,44901  ,TRANSF CORRENTS GESTIO CONVENI HABITATGE          ,021,1521 ,44901 ,192857,50000,,120000
2025,051  ,433  ,16000  ,QUOTES SEGURETAT SOCIAL                           ,,4    ,1     ,115421.04,0,,75766.59
2025,051  ,433  ,22199  ,SUBMINISTRAMENTS DIVERSOS                         ,051,43   ,22    ,2500,0,,0
2025,051  ,433  ,227991 ,CONTR PREST SERVEIS DESENV SECTORS ESTRATÈGICS    ,051,43   ,22    ,50000,0,,0
2025,051  ,433  ,465    ,TRANSFERÈNCIES CORRENTS CONSELL COMARCAL BAIX LLOB,051,433  ,465   ,16500,0,,15500
2025,051  ,433  ,46601  ,QUOTA MEMBRE ASSOC PACTE INDUST REGIO METROP  BARC,051,433  ,46601 ,4000,0,,3856.09
2025,051  ,433  ,46602  ,QUOTA MEMBRE XARXA EL PERFIL DE LA CIUTAT AJ TERRA,051,433  ,46602 ,600,0,,0
2025,051  ,433  ,47901  ,QUOTA MEMBRE SOCI  C BARCELONA CENTRE LOGISTIC CAT,051,433  ,47901 ,1300,0,,1210
2025,051  ,433  ,48907  ,"TRANSF CORRENTS, AJUTS EMPRENEDORIA               ",051,433  ,48907 ,120000,0,,0
2025,051  ,433  ,48914  ,EL PRAT EMPREN MARTA MAYORDOMO                    ,051,433  ,48914 ,12000,0,,9000
2025,051  ,433  ,48916  ,QUOTA MEMBRE ASSOCIACIO INNOBAIX                  ,051,433  ,48916 ,5000,0,,5000
2025,051  ,912  ,16000  ,QUOTES SEGURETAT SOCIAL                           ,,9    ,1     ,18845.88,0,,14726.56
2025,052  ,430  ,12001  ,SOUS DEL GRUP A2                                  ,,4    ,1     ,30744.06,0,,0
2025,052  ,430  ,12100  ,COMPLEMENT DE DESTINACIÓ                          ,,4    ,1     ,18247.42,0,,1144.27
2025,052  ,430  ,12101  ,COMPLEMENT ESPECÍFIC                              ,,4    ,1     ,40852.48,0,,2900.61
2025,052  ,430  ,16000  ,QUOTES SEGURETAT SOCIAL                           ,,4    ,1     ,33212.34,0,,-2774.5
2025,052  ,430  ,22199  ,SUBM DIVERSOS DINAMITZACIÓ COMERCIAL              ,052,43   ,22    ,12000,0,,0
2025,052  ,430  ,227991 ,CONTR PREST SERVEIS PLA ESTRATÈGIC COMERÇ         ,052,43   ,22    ,90000,0,,0
2025,052  ,430  ,489    ,TRANSF CORRENTS COMERÇ                            ,052,430  ,489   ,12000,1920,,4506.97
2025,052  ,430  ,48902  ,TRANSF CORRENTS MILLORA COMERÇ QUALITAT           ,052,430  ,48902 ,40000,11159.19,,33628.66
2025,052  ,430  ,48903  ,TRANSF CORRENTS CONVENI PRAT GRAN COMERÇ          ,052,430  ,48903 ,27000,12000,,28157.58
2025,014  ,933  ,622    ,INVERSIO NOVA EN EQUIPAMENTS I SERVEIS            ,014,933  ,622   ,7190235.1,482007.05,,1778683.62
2025,021  ,1521 ,44902  ,TRANSF SERVEIS OFICINA D'HABITATGE                ,021,1521 ,44902 ,907143,175766.02,,908850.78
2025,051  ,2412 ,227991 ,CONTR PREST SERVEIS OCUPACIÓ                      ,051,2412 ,227991,10000,153597.75,,44751.5
2025,041  ,3231 ,221021 ,SUBMINISTRAMENT GAS-ESCOLA BRESSOL                ,,3    ,221   ,2736,226.26,,2961.6
2025,041  ,3232 ,221022 ,ESCOLES-SUBM. GAS                                 ,,3    ,221   ,177448,3545.46,,120247.17
2025,061  ,3421 ,22102  ,CONSUM GAS CEMS                                   ,,3    ,221   ,107772,17117.22,,123534.8
2025,062  ,3113 ,227991 ,PREST SERV CONTROL SANITARI ANIMAL                ,062,31   ,22    ,68000,0,,41138.17
2025,042  ,330  ,226022 ,DESP DIVERSES SERVEI DE CULTURA                   ,042,33   ,22    ,10000,20000,,11522
2025,011  ,336  ,22609  ,CONSERVACIÓ I RESTAURACIÓ DOCUMENTACIÓ            ,011,33   ,22    ,9000,0,,0
2025,052  ,430  ,780    ,TRANSF CAPITAL COMERÇ PER A FOMENT ACCESSIBILITAT ,052,430  ,780   ,20000,0,,3000
2025,061  ,3421 ,12003  ,SOUS DEL GRUP C1                                  ,,3    ,1     ,11826.64,0,,8596.66
2025,061  ,3421 ,12005  ,SOUS DEL GRUP E                                   ,,3    ,1     ,45936.1,0,,33210.64
2025,061  ,3421 ,120099 ,RETRIBUCIONS BÀSIQUES SUPLÈNCIES                  ,,3    ,1     ,16500,0,,18473.32
2025,061  ,3421 ,12100  ,COMPLEMENT DE DESTINACIÓ                          ,,3    ,1     ,51513.14,0,,37225
2025,061  ,3421 ,121039 ,RETRIBUCIONS COMPLEMENTÀRIES SUPLÈNCIES           ,,3    ,1     ,30900,0,,34672.66
2025,061  ,3421 ,13000  ,RETRIBUCIONS BÀSIQUES PERSONAL LABORAL FIX        ,,3    ,1     ,166742.9,0,,130574.86
2025,061  ,3421 ,13001  ,HORES EXTRAORDINÀRIES PERSONAL LABORAL FIX        ,,3    ,1     ,800,0,,3818.21
2025,061  ,3421 ,13199  ,RETRIBUCIONS PERSONAL LABORAL TEMPORAL-SUPLÈNCIES ,,3    ,1     ,8700,0,,1975
2025,061  ,3421 ,151    ,GRATIFICACIÓ SERVEIS FUNCIONARIS                  ,,3    ,1     ,10000,0,,6620.65
2025,061  ,3421 ,16000  ,QUOTES SEGURETAT SOCIAL                           ,,3    ,1     ,160005.9,0,,137814.28
2025,061  ,3423 ,12005  ,SOUS DEL GRUP E                                   ,,3    ,1     ,55123.18,0,,41820.23
2025,061  ,3423 ,12006  ,TRIENNIS                                          ,,3    ,1     ,8442.44,0,,6313.11
2025,061  ,3423 ,120099 ,RETRIBUCIONS BÀSIQUES SUPLÈNCIES                  ,,3    ,1     ,15700,0,,11420.17
2025,061  ,3423 ,12101  ,COMPLEMENT ESPECÍFIC                              ,,3    ,1     ,90473.04,0,,68223.46
2025,041  ,3231 ,12001  ,SOUS DEL GRUP A2                                  ,,3    ,1     ,77208.8,0,,52459.25
2025,041  ,3231 ,12006  ,TRIENNIS                                          ,,3    ,1     ,21907.23,0,,13055.33
2025,041  ,3231 ,120099 ,RETRIBUCIONS BÀSIQUES SUPLÈNCIES                  ,,3    ,1     ,15000,0,,14383.17
2025,041  ,3231 ,12100  ,COMPLEMENT DE DESTINACIÓ                          ,,3    ,1     ,72735.6,0,,38694.36
2025,041  ,3231 ,13000  ,RETRIBUCIONS BÀSIQUES PERSONAL LABORAL FIX        ,,3    ,1     ,64949.06,0,,46627.32
2025,041  ,3231 ,13199  ,RETRIBUCIONS PERSONAL LABORAL TEMPORAL-SUPLÈNCIES ,,3    ,1     ,16000,0,,19282.94
2025,041  ,3231 ,16000  ,QUOTES SEGURETAT SOCIAL                           ,,3    ,1     ,157283.25,0,,88795.04
2025,041  ,3231 ,489    ,TRANSF CORRENTS ESCOLES BRESSOL                   ,041,32   ,48    ,47000,1013.48,,21325.66
2025,041  ,3232 ,12001  ,SOUS DEL GRUP A2                                  ,,3    ,1     ,15441.76,0,,0
2025,041  ,3232 ,12005  ,SOUS DEL GRUP E                                   ,,3    ,1     ,66292.09,0,,32022.96
2025,041  ,3232 ,120099 ,RETRIBUCIONS BÀSIQUES SUPLÈNCIES                  ,,3    ,1     ,24000,0,,11367.02
2025,041  ,3232 ,12101  ,COMPLEMENT ESPECÍFIC                              ,,3    ,1     ,89550.51,0,,37713.64
2025,041  ,3232 ,13000  ,RETRIBUCIONS BÀSIQUES PERSONAL LABORAL FIX        ,,3    ,1     ,246422.61,0,,200525.17
2025,041  ,3202 ,16000  ,QUOTES SEGURETAT SOCIAL                           ,,3    ,1     ,74371.44,0,,44845.29
2025,011  ,336  ,227993 ,SUPORT ARXIVÍSTIC-ORGANITZACIÓ DIPÒSITS           ,011,33   ,22    ,14000,0,,0
2025,011  ,912  ,23000  ,ÒRGANS DE GOVERN-DIETES                           ,011,91   ,23    ,2000,0,,64.62
2025,011  ,912  ,23100  ,ÒRGANS DE GOVERN-LOCOMOCIÓ                        ,011,91   ,23    ,6000,0,,3308.67
2025,011  ,9201 ,11000  ,RETRIBUCIONS BÀSIQUES PERSONAL EVENTUAL           ,,9    ,1     ,202143.5,0,,146195.98
2025,011  ,9201 ,12000  ,SOUS DEL GRUP A1                                  ,,9    ,1     ,35120.88,0,,12898.65
2025,011  ,9201 ,12004  ,SOUS DEL GRUP C2                                  ,,9    ,1     ,20049.28,0,,20905.79
2025,011  ,9201 ,12100  ,COMPLEMENT DE DESTINACIÓ                          ,,9    ,1     ,36035.44,0,,22281.07
2025,011  ,9201 ,16000  ,QUOTES SEGURETAT SOCIAL                           ,,9    ,1     ,134660.07,0,,88383.55
2025,011  ,9201 ,226012 ,ATENCIONS AGERMANAMENTS                           ,011,92   ,22    ,4900,0,,0
2025,011  ,9201 ,22699  ,DESP DIVERSES ALCALDIA                            ,011,92   ,22    ,14000,0,,1268.14
2025,011  ,9201 ,489    ,TRANSF CORRENTS ALCALDIA                          ,011,9201 ,489   ,3000,0,,0
2025,011  ,9203 ,12000  ,SOUS DEL GRUP A1                                  ,,9    ,1     ,26340.64,0,,11866.11
2025,011  ,9203 ,12006  ,TRIENNIS                                          ,,9    ,1     ,7052.76,0,,4645.87
2025,011  ,9203 ,12101  ,COMPLEMENT ESPECÍFIC                              ,,9    ,1     ,114486.68,0,,70306.72
2025,011  ,9203 ,16000  ,QUOTES SEGURETAT SOCIAL                           ,,9    ,1     ,42017.34,0,,22973.95
2025,031  ,920  ,22102  ,CONSUM GAS EDIFICIS MUNICIPALS                    ,,9    ,221   ,6544,1595.61,,8139.19
2025,041  ,326  ,48910  ,TRANSF CORRENTS ESCOLA JAUME BALMES               ,041,326  ,48910 ,22456,0,,13455.19
2025,041  ,3232 ,16000  ,QUOTES SEGURETAT SOCIAL                           ,,3    ,1     ,144219.06,0,,93146.39
2025,041  ,3232 ,221012 ,CONSUM AIGUA ESCOLES                              ,,3    ,221   ,68555,0,,40583.18
2025,041  ,326  ,22699  ,DESP DIVERSES SERVEIS COMPLEMENTARIS              ,041,32   ,22    ,3000,0,,330
2025,041  ,326  ,227996 ,DINÀMICA EDUCATIVA                                ,041,32   ,22    ,11730,0,,10765.84
2025,042  ,330  ,467    ,CONSORCI NORMALITZACIÓ LINGÜÍSTICA                ,042,330  ,467   ,66000,0,,49500
2025,042  ,3300 ,12001  ,SOUS DEL GRUP A2                                  ,,3    ,1     ,30883.52,0,,10213.59
2025,042  ,3300 ,12003  ,SOUS DEL GRUP C1                                  ,,3    ,1     ,11826.64,0,,3190.67
2025,042  ,3300 ,12006  ,TRIENNIS                                          ,,3    ,1     ,9422.16,0,,3948.71
2025,042  ,3300 ,12101  ,COMPLEMENT ESPECÍFIC                              ,,3    ,1     ,51349.34,0,,11856.78
2025,042  ,3300 ,16000  ,QUOTES SEGURETAT SOCIAL                           ,,3    ,1     ,37874.4,0,,9932.71
2025,042  ,3301 ,12003  ,SOUS DEL GRUP C1                                  ,,3    ,1     ,5913.3,0,,5681.67
2025,042  ,3301 ,12004  ,SOUS DEL GRUP C2                                  ,,3    ,1     ,10024.64,0,,2791.65
2025,042  ,3301 ,12006  ,TRIENNIS                                          ,,3    ,1     ,11695.38,0,,8646.6
2025,042  ,326  ,227998 ,ESCOLA D'ARTS EN VIU                              ,042,32   ,22    ,697385,0,,464923.22
2025,061  ,3412 ,226096 ,DESP FESTA DE LA BICICLETA                        ,061,34   ,22    ,10000,0,,7521.69
2025,044  ,2310 ,16000  ,QUOTES SEGURETAT SOCIAL                           ,,2    ,1     ,416839.82,0,,266010.77
2025,044  ,2311 ,12001  ,SOUS DEL GRUP A2                                  ,,2    ,1     ,555484.98,0,,389463.72
2025,044  ,2311 ,12004  ,SOUS DEL GRUP C2                                  ,,2    ,1     ,10024.64,0,,10765.25
2025,044  ,2311 ,12100  ,COMPLEMENT DE DESTINACIÓ                          ,,2    ,1     ,244121.77,0,,172044.32
2025,044  ,2311 ,12101  ,COMPLEMENT ESPECÍFIC                              ,,2    ,1     ,498958.07,0,,353788.84
2025,044  ,2311 ,13000  ,RETRIBUCIONS BÀSIQUES PERSONAL LABORAL FIX        ,,2    ,1     ,382098.3,0,,251134.56
2025,044  ,2311 ,13199  ,RETRIBUCIONS PERSONAL LABORAL TEMPORAL-SUPLÈNCIES ,,2    ,1     ,17000,0,,0
2025,044  ,2311 ,2279902,SERVEIS DE SUPORT A LA VIDA AUTONOMA              ,044,23   ,22    ,30000,0,,7500
2025,044  ,2311 ,227992 ,CONTR PRESTACIÓ SERVEIS SAD DEPENDÈNCIA           ,044,2311 ,227992,0,144554.18,,144554.18
2025,044  ,2311 ,227994 ,CONTR PRESTACIÓ SERVEIS SAD SOCIAL                ,044,23   ,22    ,0,36972.38,,36972.38
2025,044  ,2311 ,227996 ,PREST SERV LA BOTIGA                              ,044,23   ,22    ,164000,0,,125133.36
2025,044  ,2311 ,227998 ,CONTR SERVEIS ACOLLIMENT RESIDENCIAL URGÈNCIA     ,044,2311 ,227998,67320,0,,0
2025,044  ,2311 ,48901  ,TRANSF CORRENTS CARITAS                           ,044,2311 ,48901 ,25000,10000,,25000
2025,0111 ,491  ,4491   ,APORT. PRAT COMUNICACIÓ SL                        ,011,491  ,4491  ,867509,0,,648000
2025,0111 ,912  ,10000  ,RETRIBUCIONS BÀSIQUES ÒRGANS DE GOVERN            ,,9    ,1     ,63119.56,0,,45615.8
2025,0111 ,912  ,16000  ,QUOTES SEGURETAT SOCIAL                           ,,9    ,1     ,18817.08,0,,14705.39
2025,0111 ,920  ,22200  ,SERVEIS COMUNICACIÓ TELECOMUNICACIONS             ,011,92   ,22    ,175000,19087.28,,86313.66
2025,0111 ,9202 ,11000  ,RETRIBUCIONS BÀSIQUES PERSONAL EVENTUAL           ,,9    ,1     ,77120.12,0,,55733.8
2025,0111 ,9202 ,12001  ,SOUS DEL GRUP A2                                  ,,9    ,1     ,61767.04,0,,43049.17
2025,0111 ,9202 ,12003  ,SOUS DEL GRUP C1                                  ,,9    ,1     ,11826.64,0,,8596.66
2025,0111 ,9202 ,12100  ,COMPLEMENT DE DESTINACIÓ                          ,,9    ,1     ,35089.04,0,,24340.81
2025,0111 ,9202 ,13000  ,RETRIBUCIONS BÀSIQUES PERSONAL LABORAL FIX        ,,9    ,1     ,37014.3,0,,26393.27
2025,0111 ,9202 ,16000  ,QUOTES SEGURETAT SOCIAL                           ,,9    ,1     ,93531.24,0,,65624.56
2025,0111 ,9207 ,12001  ,SOUS DEL GRUP A2                                  ,,9    ,1     ,135360.72,0,,88806.68
2025,0111 ,9207 ,12006  ,TRIENNIS                                          ,,9    ,1     ,37582.79,0,,29286.06
2025,0111 ,9207 ,12101  ,COMPLEMENT ESPECÍFIC                              ,,9    ,1     ,338943.78,0,,212615.21
2025,0111 ,9231 ,12001  ,SOUS DEL GRUP A2                                  ,,9    ,1     ,15441.76,0,,11285.19
2025,0111 ,9231 ,12003  ,SOUS DEL GRUP C1                                  ,,9    ,1     ,11826.64,0,,8596.66
2025,0111 ,9231 ,12004  ,SOUS DEL GRUP C2                                  ,,9    ,1     ,20049.28,0,,14743.68
2025,061  ,342  ,22104  ,VESTUARI PERSONAL ESPORTS                         ,061,34   ,22    ,14520,0,,5367.92
2025,031  ,1500 ,224    ,ASSEGURANCES VEHICLES                             ,031,15   ,22    ,15544,0,,15394.86
2025,012  ,9205 ,12100  ,COMPLEMENT DE DESTINACIÓ                          ,,9    ,1     ,85445.36,0,,58391.28
2025,012  ,9205 ,16000  ,QUOTES SEGURETAT SOCIAL                           ,,9    ,1     ,149564.16,0,,106967.02
2025,012  ,9206 ,12000  ,SOUS DEL GRUP A1                                  ,,9    ,1     ,43901.08,0,,12851.43
2025,012  ,9206 ,12003  ,SOUS DEL GRUP C1                                  ,,9    ,1     ,88575.71,0,,66514.09
2025,012  ,9206 ,12006  ,TRIENNIS                                          ,,9    ,1     ,33868.28,0,,25812.64
2025,012  ,9206 ,12101  ,COMPLEMENT ESPECÍFIC                              ,,9    ,1     ,241128.3,0,,153636.95
2025,012  ,9206 ,16000  ,QUOTES SEGURETAT SOCIAL                           ,,9    ,1     ,242392.55,0,,170709.14
2025,012  ,9208 ,12000  ,SOUS DEL GRUP A1                                  ,,9    ,1     ,35120.88,0,,43836.34
2025,012  ,9208 ,12006  ,TRIENNIS                                          ,,9    ,1     ,20683.72,0,,14644.57
2025,012  ,9208 ,12100  ,COMPLEMENT DE DESTINACIÓ                          ,,9    ,1     ,24196.76,0,,24776.97
2025,012  ,9208 ,13000  ,RETRIBUCIONS BÀSIQUES PERSONAL LABORAL FIX        ,,9    ,1     ,72725.72,0,,52815.85
2025,012  ,9209 ,12004  ,SOUS DEL GRUP C2                                  ,,9    ,1     ,10024.64,0,,7966.77
2025,041  ,326  ,48908  ,TRANSF CORRENTS INST LES SALINES                  ,041,326  ,48908 ,5000,0,,0
2025,052  ,912  ,10000  ,RETRIBUCIONS BÀSIQUES ÒRGANS DE GOVERN            ,,9    ,1     ,63119.56,0,,45615.8
2025,061  ,3400 ,12004  ,SOUS DEL GRUP C2                                  ,,3    ,1     ,10024.64,0,,7246.8
2025,061  ,3400 ,12100  ,COMPLEMENT DE DESTINACIÓ                          ,,3    ,1     ,5109.58,0,,3692.36
2025,061  ,3400 ,16000  ,QUOTES SEGURETAT SOCIAL                           ,,3    ,1     ,28512.6,0,,21086.53
2025,061  ,3401 ,12000  ,SOUS DEL GRUP A1                                  ,,3    ,1     ,17560.44,0,,12908.78
2025,061  ,3401 ,12001  ,SOUS DEL GRUP A2                                  ,,3    ,1     ,7720.94,0,,0
2025,061  ,3401 ,12003  ,SOUS DEL GRUP C1                                  ,,3    ,1     ,23653.28,0,,17193.32
2025,061  ,3401 ,12004  ,SOUS DEL GRUP C2                                  ,,3    ,1     ,20049.28,-9528.96,,7686.99
2025,061  ,3401 ,12100  ,COMPLEMENT DE DESTINACIÓ                          ,,3    ,1     ,34072.08,-4140.83,,18542.86
2025,061  ,3401 ,16000  ,QUOTES SEGURETAT SOCIAL                           ,,3    ,1     ,57676.02,0,,35068.2
2025,061  ,3411 ,48901  ,TRANSF CORRENTS ASSOC. ESPORTIU                   ,061,3411 ,48901 ,35000,9889.75,,31578.19
2025,0111 ,9202 ,227997 ,CONT PREST SERVEIS DIGITALS                       ,011,92   ,22    ,55000,0,,11616
2025,0111 ,9231 ,12006  ,TRIENNIS                                          ,,9    ,1     ,11383.73,0,,7711.2
2025,0111 ,9231 ,12101  ,COMPLEMENT ESPECÍFIC                              ,,9    ,1     ,52204.04,0,,37911.03
2025,0111 ,9231 ,16000  ,QUOTES SEGURETAT SOCIAL                           ,,9    ,1     ,40411.56,0,,10871.38
2025,0111 ,925  ,12005  ,SOUS DEL GRUP E                                   ,,9    ,1     ,9187.22,0,,6638.8
2025,0111 ,925  ,12100  ,COMPLEMENT DE DESTINACIÓ                          ,,9    ,1     ,53195.94,0,,34769.9
2025,0111 ,925  ,12101  ,COMPLEMENT ESPECÍFIC                              ,,9    ,1     ,166225.22,0,,109839.24
2025,0111 ,925  ,13000  ,RETRIBUCIONS BÀSIQUES PERSONAL LABORAL FIX        ,,9    ,1     ,107997.4,0,,78210.45
2025,0112 ,419  ,22799  ,PRESTACIÓ SERVEIS PROMOCIÓ DE LA CIUTAT           ,011,41   ,22    ,20200,0,,20119
2025,0112 ,4311 ,22199  ,SUBMINISTRAMENTS DIVERSOS                         ,011,43   ,22    ,17500,0,,0
2025,0112 ,4311 ,22699  ,"DESP DIVERSES FIRA AVÍCOLA, MOSTRA                ",011,43   ,22    ,808,0,,600
2025,0112 ,4311 ,227992 ,PREST SERVEIS ACTIV GASTRONÒMIQUES FIRA           ,011,43   ,22    ,45900,0,,0
2025,0112 ,432  ,16000  ,QUOTES SEGURETAT SOCIAL                           ,,4    ,1     ,26103.96,0,,20560.32
2025,0112 ,432  ,22199  ,SUBMINISTRAMENTS DIVERSOS TURISME                 ,011,43   ,22    ,12000,0,,0
2025,0112 ,432  ,22602  ,PUBLICITAT I COMUNICACIÓ TURISME                  ,011,43   ,22    ,18000,0,,2420
2025,044  ,2312 ,22105  ,ALIMENTS RESIDÈNCIA D'AVIS                        ,044,23   ,22    ,85000,522.91,,41072.28
2025,012  ,920  ,22502  ,TRIBUTS DE LES ENTITATS LOCALS                    ,012,92   ,22    ,27500,0,,16600.21
2025,012  ,9209 ,12005  ,SOUS DEL GRUP E                                   ,,9    ,1     ,45935.96,0,,29213.09
2025,012  ,9209 ,120099 ,RETRIBUCIONS BÀSIQUES SUPLÈNCIES                  ,,9    ,1     ,1500,0,,3941.54
2025,012  ,9209 ,12100  ,COMPLEMENT DE DESTINACIÓ                          ,,9    ,1     ,32051.74,0,,20912.51
2025,012  ,9209 ,13000  ,RETRIBUCIONS BÀSIQUES PERSONAL LABORAL FIX        ,,9    ,1     ,230820.13,0,,168078.68
2025,012  ,9209 ,13199  ,RETRIBUCIONS PERSONAL LABORAL TEMPORAL-SUPLÈNCIES ,,9    ,1     ,40000,0,,23722.01
2025,012  ,922  ,466    ,TRANSF FMC                                        ,012,922  ,466   ,13000,0,,12710.57
2025,012  ,922  ,46602  ,TRANSF FEMP QUOTA RED EELL ODS                    ,012,922  ,46602 ,4000,0,,2000
2025,012  ,922  ,4661   ,TRANSF ASSOCIACIÓ CATALANA DE MUNICIPIS           ,012,922  ,4661  ,9904,0,,9904
2025,012  ,924  ,22705  ,DESPESES ELECCIONS                                ,012,92   ,22    ,40000,0,,0
2025,012  ,929  ,22699  ,"DESP DIVERSES, INDEMNITZACIONS, ETC               ",012,92   ,22    ,30000,0,,23349.42
2025,012  ,931  ,12000  ,SOUS DEL GRUP A1                                  ,,9    ,1     ,122923.04,0,,77074.19
2025,012  ,931  ,12001  ,SOUS DEL GRUP A2                                  ,,9    ,1     ,15441.76,0,,3564.53
2025,012  ,931  ,12004  ,SOUS DEL GRUP C2                                  ,,9    ,1     ,56178.8,0,,41051.13
2025,012  ,931  ,12100  ,COMPLEMENT DE DESTINACIÓ                          ,,9    ,1     ,107478.37,0,,68775.18
2025,0111 ,920  ,626    ,MATERIAL INVENTARIABLE. EQUIPS PROCESOS INFORMÀTIC,011,920  ,626   ,758000,101823.81,,110095.98
2025,012  ,931  ,16000  ,QUOTES SEGURETAT SOCIAL                           ,,9    ,1     ,182136.7,0,,77632.82
2025,061  ,3411 ,48903  ,CONVENI AE PRAT PROMOCIÓ FUTBOL                   ,061,3411 ,48903 ,162000,0,,162000
2025,042  ,3301 ,12101  ,COMPLEMENT ESPECÍFIC                              ,,3    ,1     ,51802.1,0,,33856.69
2025,042  ,3321 ,22199  ,BIBLIOTECA - ADQUISICIÓ DE LLIBRES                ,042,33   ,22    ,19200,0,,0
2025,042  ,3322 ,12006  ,TRIENNIS                                          ,,3    ,1     ,1271.46,0,,867.89
2025,042  ,3322 ,12101  ,COMPLEMENT ESPECÍFIC                              ,,3    ,1     ,11044.32,0,,7981.03
2025,042  ,3322 ,16000  ,QUOTES SEGURETAT SOCIAL                           ,,3    ,1     ,58088.82,0,,43824.34
2025,042  ,333  ,12005  ,SOUS DEL GRUP E                                   ,,3    ,1     ,9187.22,0,,6638.79
2025,042  ,333  ,12100  ,COMPLEMENT DE DESTINACIÓ                          ,,3    ,1     ,3604.86,0,,2604.93
2025,042  ,333  ,22101  ,CONSUM AIGUA EDIFICIS CULTURA                     ,,3    ,221   ,17618,0,,15101.5
2025,042  ,334  ,12001  ,SOUS DEL GRUP A2                                  ,,3    ,1     ,108092.32,0,,76553.86
2025,042  ,334  ,12004  ,SOUS DEL GRUP C2                                  ,,3    ,1     ,10024.64,0,,0
2025,042  ,334  ,12006  ,TRIENNIS                                          ,,3    ,1     ,45135.46,0,,28210.96
2025,042  ,334  ,12101  ,COMPLEMENT ESPECÍFIC                              ,,3    ,1     ,234118.64,0,,152033.39
2025,042  ,334  ,13001  ,HORES EXTRAORDINÀRIES PERSONAL LABORAL FIX        ,,3    ,1     ,800,0,,905.93
2025,061  ,342  ,203    ,RENTING MAQUINARIA FITNESS                        ,061,34   ,20    ,179080,18000,,127195.2
2025,012  ,920  ,224    ,ASSEGURANCES                                      ,012,92   ,22    ,430000,137187.21,,441562.83
2025,0112 ,432  ,227991 ,CONTRACTES PRESTACIÓ SERVEIS TURISME              ,011,43   ,22    ,42500,0,,24393.6
2025,0112 ,432  ,465    ,TRANSF CORRENT CONSORCI TURISME BAIX LLOBREGAT    ,011,432  ,465   ,5918,20000,,25918
2025,0112 ,433  ,48908  ,TRANSF CORRENTS GREMI RESTAURADORS                ,011,433  ,48908 ,5000,0,,0
2025,0112 ,433  ,48915  ,QUOTA MEMBRE FEDERACIO FIRES  DE CATALUNYA        ,011,433  ,48915 ,800,0,,692.12
2025,0113 ,132  ,22101  ,CONSUM AIGUA SEG CIUTADANA                        ,,1    ,221   ,4132,0,,1491.78
2025,0113 ,132  ,22102  ,COMSUM GAS SEGURETAT CIUTADANA                    ,,1    ,221   ,0,34.29,,34.29
2025,0113 ,132  ,22199  ,"POLICIA LOCAL, SUBM DIVERSOS                      ",011,13   ,22    ,140000,0,,4839.31
2025,0113 ,132  ,224    ,POLICIA LOCAL-ASSEGURANCES                        ,011,13   ,22    ,9600,0,,6766.29
2025,0113 ,132  ,22602  ,PUBLICITAT I PROPAGANDA-SEG.CIUTADANA             ,011,13   ,22    ,1000,0,,0
2025,0113 ,132  ,22699  ,DESPESES DIVERSES - POLICIA LOCAL                 ,011,13   ,22    ,10000,0,,1898.09
2025,0113 ,132  ,23020  ,POLICIA LOCAL - DIETES                            ,011,13   ,23    ,4000,0,,0
2025,0113 ,132  ,23120  ,POLICIA LOCAL - TRASLLATS                         ,011,13   ,23    ,4000,0,,0
2025,0113 ,132  ,481    ,FORMACIÓ I BEQUES                                 ,011,132  ,481   ,10000,0,,0
2025,0113 ,1320 ,12000  ,SOUS DEL GRUP A1                                  ,,1    ,1     ,52681.32,0,,12898.41
2025,0113 ,1320 ,12001  ,SOUS DEL GRUP A2                                  ,,1    ,1     ,15441.76,0,,11292.57
2025,0113 ,1320 ,12003  ,SOUS DEL GRUP C1                                  ,,1    ,1     ,1312756.96,0,,875865.15
2025,0113 ,1320 ,12006  ,TRIENNIS                                          ,,1    ,1     ,233972.19,0,,170710.97
2025,0113 ,1320 ,12101  ,COMPLEMENT ESPECÍFIC                              ,,1    ,1     ,2532448.52,-60000,,1618009.35
2025,0113 ,1320 ,121031 ,ALTRES COMPLEMENTS                                ,,1    ,1     ,272648,0,,299455.59
2025,0113 ,1320 ,124    ,RETRIBUCIONS FUNC PRÀCTIQUES                      ,,1    ,1     ,2575.55,0,,0
2025,012  ,932  ,12001  ,SOUS DEL GRUP A2                                  ,,9    ,1     ,24222.08,0,,6397.12
2025,012  ,932  ,12003  ,SOUS DEL GRUP C1                                  ,,9    ,1     ,53219.86,0,,34760.74
2025,012  ,932  ,12006  ,TRIENNIS                                          ,,9    ,1     ,68526.78,0,,46621.9
2025,012  ,932  ,12101  ,COMPLEMENT ESPECÍFIC                              ,,9    ,1     ,354214.47,0,,221015.2
2025,012  ,932  ,16000  ,QUOTES SEGURETAT SOCIAL                           ,,9    ,1     ,219876.65,0,,132271.3
2025,012  ,934  ,12000  ,SOUS DEL GRUP A1                                  ,,9    ,1     ,17560.44,0,,21.75
2025,012  ,934  ,12003  ,SOUS DEL GRUP C1                                  ,,9    ,1     ,23529.19,0,,27882.58
2025,012  ,934  ,12006  ,TRIENNIS                                          ,,9    ,1     ,11015.2,0,,9095.41
2025,012  ,934  ,12100  ,COMPLEMENT DE DESTINACIÓ                          ,,9    ,1     ,32824.89,0,,17575.6
2025,012  ,934  ,12101  ,COMPLEMENT ESPECÍFIC                              ,,9    ,1     ,68569.06,0,,41448.6
2025,012  ,934  ,13000  ,RETRIBUCIONS BÀSIQUES PERSONAL LABORAL FIX        ,,9    ,1     ,27939.08,0,,2041.29
2025,012  ,934  ,22708  ,DESPESES RECAPTACIÓ ORGT                          ,012,934  ,22708 ,420000,0,,192603.08
2025,012  ,942  ,464    ,AREA METROPOLITANA DE BARCELONA                   ,012,942  ,464   ,1526168,14800,,0
2025,012  ,943  ,466    ,APORT. COMUNITAT MUNICIPIS PLANA GALET            ,012,943  ,466   ,1000,0,,0
2025,014  ,133  ,4643   ,TRANSF CONVENI AMB -APP ZONA BLAVA                ,014,133  ,4643  ,15756,0,,0
2025,014  ,134  ,4642   ,TRANSF BICICLETA PUBLICA  AMB                     ,014,134  ,4642  ,184923,0,,0
2025,031  ,920  ,21201  ,MANTENIMENT I REPARACIÓ D ESPAIS I IMMOBLES PUBLIC,031,92   ,21    ,23000,0,,22713.43
2025,044  ,2311 ,48902  ,TRANSF CORRENTS CENTRE PROM. SOCIAL FRANCESC PALAU,044,2311 ,48902 ,150000,60000,,150000
2025,044  ,2311 ,48908  ,TRANSF CORRENTS CREU ROJA SOCIAL                  ,044,2311 ,48908 ,40500,16200,,40500
2025,044  ,2311 ,48912  ,QUOTA CONSORCI DE SALUT I SOCIAL DE CATALUNYA     ,044,2311 ,48912 ,1000,0,,675.16
2025,044  ,2312 ,12001  ,SOUS DEL GRUP A2                                  ,,2    ,1     ,38604.46,0,,22269.67
2025,044  ,2312 ,12004  ,SOUS DEL GRUP C2                                  ,,2    ,1     ,24699.23,0,,17010.34
2025,044  ,2312 ,12006  ,TRIENNIS                                          ,,2    ,1     ,4023.34,0,,2947.72
2025,044  ,2312 ,120099 ,RETRIBUCIONS BÀSIQUES SUPLÈNCIES                  ,,2    ,1     ,19000,0,,34319.79
2025,044  ,2312 ,12100  ,COMPLEMENT DE DESTINACIÓ                          ,,2    ,1     ,23437.24,0,,16624.48
2025,044  ,2312 ,12101  ,COMPLEMENT ESPECÍFIC                              ,,2    ,1     ,51809.5,140000,,36866.33
2025,044  ,2312 ,121031 ,ALTRES COMPLEMENTS                                ,,2    ,1     ,1600,0,,2399.58
2025,044  ,2312 ,121039 ,RETRIBUCIONS COMPLEMENTÀRIES SUPLÈNCIES           ,,2    ,1     ,37000,0,,65162.98
2025,044  ,2312 ,13002  ,ALTRES REMUNERACIONS PERSONAL LABORAL FIX         ,,2    ,1     ,35555.77,0,,20019.31
2025,044  ,2312 ,13199  ,RETRIBUCIONS PERSONAL LABORAL TEMPORAL-SUPLÈNCIES ,,2    ,1     ,25000,0,,76072.43
2025,044  ,2312 ,151    ,GRATIFICACIÓ SERVEIS FUNCIONARIS                  ,,2    ,1     ,800,0,,1604.69
2025,044  ,2312 ,16000  ,QUOTES SEGURETAT SOCIAL                           ,,2    ,1     ,167879.28,0,,91539.69
2025,042  ,333  ,227998 ,CONTR PREST SERVEIS CC PALMIRA                    ,042,33   ,22    ,266100,33229.2,,199448.29
2025,0113 ,1320 ,13001  ,HORES EXTRAORDINÀRIES PERSONAL LABORAL FIX        ,,1    ,1     ,8000,0,,10406.25
2025,0113 ,1320 ,13002  ,ALTRES REMUNERACIONS PERSONAL LABORAL FIX         ,,1    ,1     ,24630.75,0,,19487.2
2025,0113 ,1320 ,151    ,GRATIFICACIÓ SERVEIS FUNCIONARIS                  ,,1    ,1     ,200000,0,,169933.6
2025,0113 ,1320 ,16000  ,QUOTES SEGURETAT SOCIAL                           ,,1    ,1     ,1941507.65,-88000,,1229586.8
2025,0113 ,912  ,10000  ,RETRIBUCIONS BÀSIQUES ÒRGANS DE GOVERN            ,,9    ,1     ,63119.56,0,,9017.08
2025,0113 ,912  ,16000  ,QUOTES SEGURETAT SOCIAL                           ,,9    ,1     ,18817.08,0,,1633.71
2025,012  ,011  ,352    ,DESPESES INTERESSOS DE DEMORA                     ,012,01   ,35    ,17131,0,,2287.94
2025,012  ,011  ,359    ,ALTRES DESPESES FINANCERES                        ,012,01   ,35    ,309000,0,,7109.49
2025,012  ,161  ,740    ,TRANSFERENC CAPITAL APSA                          ,012,161  ,740   ,250525,0,,200420
2025,012  ,221  ,164    ,AJUDA FAMILIAR                                    ,,2    ,1     ,39385.16,0,,29876.57
2025,012  ,912  ,10000  ,RETRIBUCIONS BÀSIQUES ÒRGANS DE GOVERN            ,,9    ,1     ,283481.66,0,,165699.24
2025,012  ,912  ,487    ,TRANSF CORRENTS FUNDACIÓ CATALUNYA EUROPA         ,012,912  ,487   ,0,4000,,4000
2025,012  ,920  ,202    ,ARRENDAMENTS VARIS                                ,012,92   ,20    ,300286,0,,171623.86
2025,012  ,920  ,209    ,CÀNONS VARIS                                      ,012,92   ,20    ,5000,0,,0
2025,012  ,920  ,22199  ,MATERIAL DIVERS - PREVENCIÓ RISCOS LABORALS       ,012,92   ,22    ,25000,0,,6143.44
2025,012  ,920  ,22501  ,TRIBUTS DE LES COMUNITATS AUTÒNOMES               ,012,92   ,22    ,500,0,,0
2025,012  ,920  ,22602  ,"ANUNCIS, PUBLICACIONS, ETC.                       ",012,92   ,22    ,17948,0,,7671.42
2025,012  ,920  ,22603  ,ANUNCIS DIARIS OFICIALS                           ,012,92   ,22    ,15000,0,,9317.2
2025,014  ,150  ,619    ,INVERSIO EN PACIFICACIÓ VIA PUBLICA               ,014,150  ,619   ,0,591304.73,,0
2025,014  ,1512 ,12000  ,SOUS DEL GRUP A1                                  ,,1    ,1     ,109383.42,0,,79828.23
2025,014  ,1512 ,12003  ,SOUS DEL GRUP C1                                  ,,1    ,1     ,11826.64,0,,15193.07
2025,014  ,1512 ,12100  ,COMPLEMENT DE DESTINACIÓ                          ,,1    ,1     ,100255.18,0,,72627.33
2025,014  ,1512 ,12101  ,COMPLEMENT ESPECÍFIC                              ,,1    ,1     ,287742.08,0,,201460.38
2025,014  ,440  ,12001  ,SOUS DEL GRUP A2                                  ,,4    ,1     ,15441.76,0,,11292.56
2025,014  ,440  ,12006  ,TRIENNIS                                          ,,4    ,1     ,5438.76,0,,2953.56
2025,014  ,440  ,12100  ,COMPLEMENT DE DESTINACIÓ                          ,,4    ,1     ,12474.84,0,,5575.28
2025,014  ,440  ,12101  ,COMPLEMENT ESPECÍFIC                              ,,4    ,1     ,33737.06,0,,16945.72
2025,014  ,440  ,16000  ,QUOTES SEGURETAT SOCIAL                           ,,4    ,1     ,22195.08,0,,6676.53
2025,014  ,4411 ,4641   ,TRANSFERÈNCIES CORRENTS AMB - TARGETA ROSA        ,014,4411 ,4641  ,50000,0,,0
2025,014  ,4411 ,46601  ,QUOTA MEMBRE ASSOC RED DE CIUDADES POR LA BICI    ,014,4411 ,46601 ,1200,0,,1200
2025,014  ,912  ,10000  ,RETRIBUCIONS BÀSIQUES ÒRGANS DE GOVERN            ,,9    ,1     ,66588.76,0,,48123.08
2025,014  ,9201 ,22699  ,DESP DIVERSES                                     ,014,92   ,22    ,10000,0,,60
2025,062  ,3113 ,227993 ,"CONTRACTE DDD (DESRATITZACIÓ, DESINFECCIÓ,...)    ",062,31   ,22    ,69000,0,,22525.39
2025,061  ,3411 ,48905  ,CONVENI PRATENC AA                                ,061,3411 ,48905 ,60000,0,,36000
2025,061  ,3411 ,48908  ,CONVENI CB TERLENKA                               ,061,3411 ,48908 ,35000,14000,,35000
2025,061  ,3411 ,48910  ,CONVENI CLUB NATACIÓ PRAT                         ,061,3411 ,48910 ,9000,0,,9000
2025,061  ,3411 ,48911  ,CONVENI A.E. RITMICA PRAT COR BLAU                ,061,3411 ,48911 ,15000,0,,9000
2025,061  ,3411 ,48913  ,CONVENI CLUB TRIATLÓ                              ,061,3411 ,48913 ,6000,2400,,0
2025,061  ,3411 ,48914  ,CONVENI AE BASQUET PRATENC                        ,061,3411 ,48914 ,11000,4400,,15400
2025,061  ,3411 ,48918  ,CONVENI CONSELL ESPORTIU (JJEE+SC)                ,061,3411 ,48918 ,35600,15998.4,,29528.4
2025,061  ,3411 ,48919  ,CONVENI ADEQUACIÓ INS. CLUB AGILITY BAIX LLOBREGAT,061,3411 ,48919 ,0,1600,,1600
2025,061  ,3411 ,48920  ,CONVENI AGRUPACIÓ CICLISTA                        ,061,3411 ,48920 ,5000,2000,,2000
2025,061  ,3411 ,48922  ,CONVENI CLUB PATI VELOCITAT EL PRAT               ,061,3411 ,48922 ,12000,4800,,12000
2025,061  ,3411 ,48923  ,CONVENI FEDERACIÓ CATALANA  DE VELA               ,061,3411 ,48923 ,32000,55800,,62600
2025,061  ,342  ,22101  ,CONSUM AIGUA ESPORTS                              ,,3    ,221   ,129058,0,,57768.56
2025,061  ,342  ,227993 ,CONTR PREST SERVEIS CM VELA                       ,061,34   ,22    ,8500,0,,0
2025,061  ,342  ,48904  ,"CONVENI CP PRAT, GESTIÓ PISTA JARDINS RIB         ",061,342  ,48904 ,6400,6800,,5573.13
2025,061  ,3421 ,12000  ,SOUS DEL GRUP A1                                  ,,3    ,1     ,17560.44,0,,12908.78
2025,061  ,3411 ,48912  ,CONVENI CLUB VOLEI PRAT                           ,061,3411 ,48912 ,25000,0,,11200
2025,044  ,2311 ,4891   ,TRANSF CORRENTS SUPORT SOCIAL                     ,044,2311 ,4891  ,230000,48062,,209993.15
2025,012  ,920  ,227993 ,CONTR PRESTACIO SERVEIS LOGISTICA                 ,012,92   ,22    ,15000,0,,0
2025,012  ,920  ,23010  ,DIETES PERSONAL DIRECTIU                          ,012,92   ,23    ,1000,0,,150
2025,012  ,920  ,23020  ,DIETES PERSONAL NO DIRECTIU                       ,012,92   ,23    ,8000,0,,1254.31
2025,012  ,920  ,23110  ,LOCOMOCIÓ PERSONAL DIRECTIU                       ,012,92   ,23    ,2500,0,,196.08
2025,012  ,920  ,467    ,ECONOMIA-TRANSF.LOCALRET                          ,012,920  ,467   ,8000,0,,7665.37
2025,012  ,920  ,487    ,TRANSF CORRENTS OBSERVATORI DE DRET PÚBLIC IDP UNI,012,920  ,487   ,18000,0,,0
2025,012  ,920  ,500    ,FONS DE CONTINGENCIA EXECUCIO PRESSUPOSTARIA      ,012,920  ,500   ,1500000,0,,0
2025,012  ,920  ,622    ,INVERSIÓ EDIFICIS I ALTRES                        ,012,920  ,622   ,45000,0,,0
2025,012  ,920  ,629    ,MATERIAL INVENTARIABLE DIVERS                     ,012,920  ,629   ,150000,0,,26088.9
2025,012  ,920  ,830    ,BESTRETES REINTEGRABLES PERSONAL                  ,012,920  ,830   ,30000,0,,8871.53
2025,012  ,92010,12000  ,SOUS DEL GRUP A1                                  ,,9    ,1     ,140483.48,0,,63786.98
2025,012  ,92010,12101  ,COMPLEMENT ESPECÍFIC                              ,,9    ,1     ,180867.96,-20000,,94302.44
2025,012  ,9204 ,12006  ,TRIENNIS                                          ,,9    ,1     ,3789.7,0,,4674.08
2025,012  ,9204 ,16000  ,QUOTES SEGURETAT SOCIAL                           ,,9    ,1     ,30554.68,0,,57662.05
2025,062  ,493  ,22699  ,CONSUM-DESP.V.AULA CONSUMIDOR I ED.ESC            ,062,49   ,22    ,4584,0,,0
2025,014  ,9201 ,22799  ,CONTRACTES PRESTACIÓ DE SERVEIS                   ,014,92   ,22    ,10000,0,,429
2025,012  ,920  ,22201  ,SERVEIS COMUNICACIÓ POSTALS                       ,012,92   ,22    ,299400,3005.28,,156387.79
2025,014  ,92011,11000  ,RETRIBUCIONS BÀSIQUES PERSONAL EVENTUAL           ,,9    ,1     ,77120.12,0,,55733.8
2025,014  ,92011,12000  ,SOUS DEL GRUP A1                                  ,,9    ,1     ,17560.44,0,,6199.52
2025,014  ,92011,12004  ,SOUS DEL GRUP C2                                  ,,9    ,1     ,10024.64,0,,14059.07
2025,014  ,92011,12006  ,TRIENNIS                                          ,,9    ,1     ,21188.72,0,,11746.75
2025,014  ,92011,12101  ,COMPLEMENT ESPECÍFIC                              ,,9    ,1     ,75966.94,0,,54309.32
2025,031  ,1501 ,16000  ,QUOTES SEGURETAT SOCIAL                           ,,1    ,1     ,139596.94,0,,68181.54
2025,031  ,1532 ,12003  ,SOUS DEL GRUP C1                                  ,,1    ,1     ,23653.28,0,,11172.92
2025,031  ,1532 ,12005  ,SOUS DEL GRUP E                                   ,,1    ,1     ,36748.88,0,,26530.79
2025,031  ,1532 ,12006  ,TRIENNIS                                          ,,1    ,1     ,18106.7,0,,13769.71
2025,031  ,1532 ,12101  ,COMPLEMENT ESPECÍFIC                              ,,1    ,1     ,326685.52,0,,200683.88
2025,031  ,1532 ,121031 ,ALTRES COMPLEMENTS                                ,,1    ,1     ,3000,0,,3398.97
2025,031  ,1532 ,13000  ,RETRIBUCIONS BÀSIQUES PERSONAL LABORAL FIX        ,,1    ,1     ,526071.97,0,,303023.83
2025,031  ,1532 ,13002  ,ALTRES REMUNERACIONS PERSONAL LABORAL FIX         ,,1    ,1     ,11057.76,0,,9093.15
2025,031  ,1532 ,16000  ,QUOTES SEGURETAT SOCIAL                           ,,1    ,1     ,428628.63,-30000,,217727.81
2025,031  ,1532 ,213    ,"BRIGADA, CONSERV-REP MÀQUINES-INSTAL              ",031,15   ,21    ,5000,0,,527.56
2025,031  ,1532 ,223    ,DESP TRANSPORTS                                   ,031,15   ,22    ,500,0,,0
2025,031  ,1532 ,22699  ,CONSERV I MANT V PÚBLICA DESP DIVERSES            ,031,15   ,22    ,3000,0,,693.22
2025,012  ,9204 ,120099 ,RETRIBUCIONS BÀSIQUES SUPLÈNCIES                  ,,9    ,1     ,50000,0,,34559.48
2025,012  ,9204 ,12100  ,COMPLEMENT DE DESTINACIÓ                          ,,9    ,1     ,5109.58,0,,3941.27
2025,012  ,9204 ,121039 ,RETRIBUCIONS COMPLEMENTÀRIES SUPLÈNCIES           ,,9    ,1     ,60000,0,,52167.8
2025,012  ,9204 ,13001  ,HORES EXTRAORDINÀRIES PERSONAL LABORAL FIX        ,,9    ,1     ,5000,0,,9973.3
2025,012  ,9204 ,130021 ,INCENTIU PRODUCTIVITAT PERSONAL LABORAL FIX       ,,9    ,1     ,149621.33,0,,109993.09
2025,012  ,9204 ,1432   ,INCENTIU PRODUCTIVITAT NO ABSENTISME ALTRE PERSONA,,9    ,1     ,3526.67,0,,700
2025,031  ,1500 ,214    ,REPARAC VEHICLES                                  ,031,15   ,21    ,83025,2820.42,,37575.63
2025,012  ,9204 ,16200  ,FORMACIÓ I PERFECCIONAMENT DEL PERSONAL           ,,9    ,1     ,68611.1,1300,,11560.43
2025,012  ,9205 ,12003  ,SOUS DEL GRUP C1                                  ,,9    ,1     ,33114.28,0,,30837.5
2025,014  ,92011,16000  ,QUOTES SEGURETAT SOCIAL                           ,,9    ,1     ,67209.98,0,,52022.16
2025,021  ,150  ,11000  ,RETRIBUCIONS BÀSIQUES PERSONAL EVENTUAL           ,,1    ,1     ,81175.52,0,,58714.96
2025,064  ,3302 ,12004  ,SOUS DEL GRUP C2                                  ,,3    ,1     ,10024.64,0,,7246.67
2025,012  ,9204 ,11000  ,RETRIBUCIONS BÀSIQUES PERSONAL EVENTUAL           ,,9    ,1     ,77120.12,0,,60658.56
2025,021  ,150  ,12003  ,SOUS DEL GRUP C1                                  ,,1    ,1     ,23653.28,0,,15298.07
2025,021  ,150  ,12004  ,SOUS DEL GRUP C2                                  ,,1    ,1     ,25061.58,0,,26080.79
2025,0112 ,432  ,12100  ,COMPLEMENT DE DESTINACIÓ                          ,,4    ,1     ,6237,0,,4428.93
2025,0112 ,432  ,12001  ,SOUS DEL GRUP A2                                  ,,4    ,1     ,15441.76,0,,11143.75
2025,012  ,912  ,10001  ,ALTRES REMUNERACIONS - ASSISTÈNCIA PLENS          ,,9    ,1     ,86437.33,0,,46900.27
2025,031  ,1500 ,12004  ,SOUS DEL GRUP C2                                  ,,1    ,1     ,35086.22,0,,34896.1
2025,021  ,150  ,12006  ,TRIENNIS                                          ,,1    ,1     ,6103.66,0,,6462.42
2025,021  ,150  ,12100  ,COMPLEMENT DE DESTINACIÓ                          ,,1    ,1     ,22992.06,0,,18770.82
2025,021  ,150  ,12101  ,COMPLEMENT ESPECÍFIC                              ,,1    ,1     ,53144.84,0,,43879.42
2025,021  ,150  ,16000  ,QUOTES SEGURETAT SOCIAL                           ,,1    ,1     ,55169.4,0,,40124.73
2025,031  ,1321 ,12101  ,COMPLEMENT ESPECÍFIC                              ,,1    ,1     ,159329.52,0,,110421.78
2025,044  ,2314 ,48904  ,TRANSF CORRENTS FUNDACIÓ RUBRICATUS               ,044,2314 ,48904 ,355000,0,,355000
2025,044  ,2315 ,48901  ,TRANSF CORRENT AAVV SANT COSME                    ,044,2315 ,48901 ,36000,14400,,36000
2025,044  ,2315 ,48902  ,TRANSF CORRENT FUNDACIÓN SECRETARIADO GITANO      ,044,2315 ,48902 ,50000,20000,,50000
2025,044  ,2315 ,48904  ,TRANSF CORRENTS GATS PROJECTE CONVIU SANT COSME   ,044,2315 ,48904 ,63000,63000,,63000
2025,044  ,2315 ,48906  ,TRANSF CORRENT FUNDACIO CONTORNO URBANO           ,044,2315 ,48906 ,15000,16000,,16000
2025,044  ,2313 ,48901  ,TRANSF CORRENTS BEQUES MENJADOR ESCOLAR           ,044,23   ,48    ,0,32581.57,,31349.2
2025,044  ,912  ,10000  ,RETRIBUCIONS BÀSIQUES ÒRGANS DE GOVERN            ,,9    ,1     ,106498.14,0,,76965.06
2025,051  ,241  ,22101  ,CONSUM AIGUA CPE                                  ,,2    ,221   ,4256,0,,2469.53
2025,051  ,2411 ,11000  ,RETRIBUCIONS BÀSIQUES PERSONAL EVENTUAL           ,,2    ,1     ,77120.12,0,,55733.8
2025,051  ,2411 ,12001  ,SOUS DEL GRUP A2                                  ,,2    ,1     ,30883.52,0,,22585.14
2025,051  ,2411 ,12004  ,SOUS DEL GRUP C2                                  ,,2    ,1     ,45110.86,8453,,34947.56
2025,051  ,2411 ,12005  ,SOUS DEL GRUP E                                   ,,2    ,1     ,18374.44,0,,13277.6
2025,051  ,2411 ,12006  ,TRIENNIS                                          ,,2    ,1     ,15943.77,0,,12898.77
2025,041  ,326  ,48905  ,TRANSF CORRENTS LLIBRES TEXT I MAT EDUC           ,041,32   ,48    ,75000,19475.6,,46285.37
2025,042  ,338  ,48902  ,TRANSF CORRENTS ASSOC ST POLLIN                   ,042,338  ,48902 ,0,6000,,3600
2025,0111 ,9202 ,227994 ,CONTR PREST SERVEIS GRÀFICS                       ,011,92   ,22    ,138500,11195.95,,81542.96
2025,0111 ,920  ,216    ,MANTENIMENT EQUIPS INFORMÀTICS/PROGRAMARI         ,011,92   ,21    ,835000,92393.08,,473920.2
2025,012  ,920  ,22000  ,MATERIAL D'OFICINA                                ,012,92   ,22    ,125000,4748.44,,40227.09
2025,0111 ,920  ,22002  ,MATERIAL INFORMÀTIC NO INVENTARIABLE              ,011,92   ,22    ,150000,0,,48970.27
2025,012  ,920  ,22799  ,CONTR PRESTACIÓ DE SERVEIS                        ,012,92   ,22    ,221450,11173.72,,29590.33
2025,064  ,3302 ,12101  ,COMPLEMENT ESPECÍFIC                              ,,3    ,1     ,25801.58,12147.66,,26439.7
2025,0113 ,132  ,21200  ,CONSERV EDIFI INSTAL SEG CIUTADANA                ,011,13   ,21    ,30352,0,,18696.68
2025,031  ,1321 ,12003  ,SOUS DEL GRUP C1                                  ,,1    ,1     ,23653.28,0,,16854.44
2025,021  ,912  ,10000  ,RETRIBUCIONS BÀSIQUES ÒRGANS DE GOVERN            ,,9    ,1     ,66588.76,0,,41249.8
2025,021  ,1514 ,12101  ,COMPLEMENT ESPECÍFIC                              ,,1    ,1     ,149036.3,-15000,,89793.64
2025,041  ,3231 ,22105  ,ALIMENTS-ESCOLA BRESSOL                           ,041,32   ,22    ,45484,4156.06,,18913.3
2025,021  ,1514 ,12006  ,TRIENNIS                                          ,,1    ,1     ,27182.24,0,,19689.67
2025,021  ,1514 ,12000  ,SOUS DEL GRUP A1                                  ,,1    ,1     ,26340.64,0,,12908.78
2025,021  ,1513 ,12003  ,SOUS DEL GRUP C1                                  ,,1    ,1     ,65046.5,-11826.64,,41596.04
2025,021  ,1500 ,12101  ,COMPLEMENT ESPECÍFIC                              ,,1    ,1     ,70390.46,0,,46821.18
2025,021  ,1500 ,12006  ,TRIENNIS                                          ,,1    ,1     ,9133.68,0,,6623.01
2025,014  ,92011,12100  ,COMPLEMENT DE DESTINACIÓ                          ,,9    ,1     ,30499.28,0,,21498.89
2025,0113 ,132  ,22799  ,CONTR PREST SERVEIS SEG CIUTADANA                 ,011,13   ,22    ,292253,20326.62,,212467.32
2025,031  ,1621 ,22700  ,"RECOLLIDA, ELIMINACIÓ I TRACTAMENT DE RESIDUS     ",031,16   ,22    ,3936833,85684.86,,2522486.88
2025,031  ,163  ,22700  ,NETEJA VIARIA                                     ,031,16   ,22    ,8824878,0,,5430522.05
2025,031  ,171  ,210    ,CONSERV-MANTENIMENT PARCS I JARDINS               ,031,17   ,21    ,1689825,0,,1121358.73
2025,031  ,920  ,21200  ,EDIFICIS-INSTAL MPALS CONSERV-REPARACIÓ           ,031,92   ,21    ,690922,82.24,,238341.39
2025,041  ,3231 ,21200  ,ESCOLA BRESSOL-CONSERV. I REPARACIÓ               ,041,32   ,21    ,86089,0,,68062.04
2025,041  ,3231 ,227995 ,CONTR PREST SERVEIS ESCOLA BRESSOL LA GRANOTA     ,041,32   ,22    ,515531,0,,243094.23
2025,061  ,342  ,22199  ,ESPORTS-SUBM. DIVERS MATERIAL                     ,061,34   ,22    ,32000,0,,2085.07
2025,061  ,3424 ,22100  ,ELECTRICITAT CEM JULIO MÉNDEZ                     ,,3    ,221   ,16604,2724.56,,25192.42
2025,062  ,3112 ,22799  ,PREST SERVEIS PROMOCIÓ DE LA SALUT                ,062,31   ,22    ,103000,0,,120566.2
2025,061  ,3423 ,22102  ,CONSUM GAS CEM ESTRUCH                            ,,3    ,221   ,105743,31452.12,,122747.35
2025,041  ,3232 ,21200  ,ESCOLES-CONSERVACIÓ I REPARACIÓ                   ,041,32   ,21    ,921185,0,,491219.02
2025,041  ,326  ,2279902,PREST SERVEIS VETLLADORS EXTRAESCOLARS            ,041,32   ,22    ,60000,0,,43412.59
2025,041  ,326  ,227997 ,SUPORT FP I ESTUDIS POST-OBLIGATORIS              ,041,32   ,22    ,26500,10000,,15558.51
2025,041  ,326  ,227998 ,PROGRAMA EDUCACIÓ-CULTURA-COMUNITAT (ECC)         ,041,32   ,22    ,215761,0,,143524.17
2025,042  ,333  ,21200  ,CONSERV-REP EDIFICIS-INSTAL CULTURA               ,042,33   ,21    ,618355,0,,285792.67
2025,042  ,333  ,227992 ,CONTR PREST SERVEIS LA CAPSA                      ,042,33   ,22    ,358777,0,,239184.56
2025,042  ,334  ,227993 ,CONTR PREST SERVEIS CINEMA CAPRI                  ,042,33   ,22    ,15300,0,,10099.98
2025,014  ,92011,12001  ,SOUS DEL GRUP A2                                  ,,9    ,1     ,15441.76,0,,12552.23
2025,014  ,1512 ,13000  ,RETRIBUCIONS BÀSIQUES PERSONAL LABORAL FIX        ,,1    ,1     ,71850.68,0,,52225.59
2025,014  ,1512 ,12006  ,TRIENNIS                                          ,,1    ,1     ,49076.29,0,,36534.56
2025,014  ,1512 ,12001  ,SOUS DEL GRUP A2                                  ,,1    ,1     ,84929.74,0,,56743.14
2025,051  ,241  ,21200  ,CONSERV-REPARACIÓ EDIFICI CPE                     ,051,24   ,21    ,57750,-2900,,36307.1
2025,041  ,3231 ,221041 ,VESTUARI ESCOLA BRESSOL                           ,041,32   ,22    ,2420,0,,2303.24
2025,014  ,1512 ,11000  ,RETRIBUCIONS BÀSIQUES PERSONAL EVENTUAL           ,,1    ,1     ,79362.28,0,,57370.71
2025,012  ,934  ,12004  ,SOUS DEL GRUP C2                                  ,,9    ,1     ,20049.28,0,,11755.52
2025,012  ,932  ,12100  ,COMPLEMENT DE DESTINACIÓ                          ,,9    ,1     ,122987.3,0,,74306.72
2025,012  ,932  ,12004  ,SOUS DEL GRUP C2                                  ,,9    ,1     ,70113.24,0,,46260.86
2025,012  ,932  ,12000  ,SOUS DEL GRUP A1                                  ,,9    ,1     ,105362.64,0,,67481.03
2025,0111 ,9202 ,227996 ,SERVEIS DE PRODUCCIÓ DE MATERIALS DE COMUNICACIÓ F,011,92   ,22    ,67000,0,,33984.08
2025,061  ,3421 ,21200  ,CEMS CONSERVACIÓ I REPARACIÓ                      ,061,34   ,21    ,228790,1049.29,,113268.68
2025,061  ,3423 ,21200  ,"CEM ESTRUCH, CONSERVACIÓ I REPARACIÓ              ",061,34   ,21    ,200543,1178.62,,106120.14
2025,061  ,3424 ,227991 ,CONSERV I GEST CEM JULIO MÉNDEZ                   ,061,34   ,22    ,547556,0,,343874.36
2025,061  ,3425 ,227991 ,CONTR PREST SERVEIS FONDO D'EN PEIXO              ,061,34   ,22    ,753830,0,,496278.58
2025,062  ,311  ,21200  ,"EDIF. SANITAT-CONSERV, I REP.                     ",062,31   ,21    ,20947,0,,12346.56
2025,014  ,920  ,22706  ,ESTUDIS I TREBALLS TÈCNICS                        ,014,92   ,22    ,40076,0,,9500.92
2025,041  ,3231 ,227994 ,CONTR PREST SERVEIS ESCOLA BRESSOL EL CABUSSET    ,041,32   ,22    ,542680,0,,256751.42
2025,064  ,3302 ,12001  ,SOUS DEL GRUP A2                                  ,,3    ,1     ,16986,13897.52,,21770.35
2025,063  ,2319 ,12006  ,TRIENNIS                                          ,,2    ,1     ,7557.16,0,,3519.38
2025,063  ,2318 ,12100  ,COMPLEMENT DE DESTINACIÓ                          ,,2    ,1     ,36438.5,0,,25997.88
2025,063  ,2318 ,12004  ,SOUS DEL GRUP C2                                  ,,2    ,1     ,30073.92,0,,21740.49
2025,063  ,2317 ,13000  ,RETRIBUCIONS BÀSIQUES PERSONAL LABORAL FIX        ,,2    ,1     ,39229.15,0,,28517.49
2025,063  ,2317 ,12001  ,SOUS DEL GRUP A2                                  ,,2    ,1     ,61767.04,0,,45095.29
2025,062  ,493  ,12001  ,SOUS DEL GRUP A2                                  ,,4    ,1     ,15441.76,0,,11292.57
2025,062  ,3113 ,12101  ,COMPLEMENT ESPECÍFIC                              ,,3    ,1     ,53000.92,0,,38238.84
2025,062  ,3113 ,12006  ,TRIENNIS                                          ,,3    ,1     ,10898.99,0,,7795.15
2025,062  ,3112 ,13000  ,RETRIBUCIONS BÀSIQUES PERSONAL LABORAL FIX        ,,3    ,1     ,41286.12,0,,30010.51
2025,044  ,231  ,21200  ,CONSERVACIÓ-REPARACIÓ EDIFICIS S.SOCIALS          ,044,23   ,21    ,31246,0,,21948.45
2025,061  ,3423 ,151    ,GRATIFICACIÓ SERVEIS FUNCIONARIS                  ,,3    ,1     ,10000,0,,7246.53
2025,044  ,2311 ,227991 ,CONTRAPRESTACIÓ SERVEIS ÀREA                      ,044,23   ,22    ,95000,0,,24121.21
2025,044  ,2311 ,227995 ,SERVEI PRELABORAL                                 ,044,23   ,22    ,222327,18527.25,,185270.25
2025,012  ,931  ,12101  ,COMPLEMENT ESPECÍFIC                              ,,9    ,1     ,306113.28,0,,205505.33
2025,012  ,931  ,12006  ,TRIENNIS                                          ,,9    ,1     ,30273.09,0,,21077.27
2025,032  ,1722 ,227991 ,CONTR PREST CONTROL ENERGÈTIC                     ,032,17   ,22    ,53000,0,,29205.19
2025,063  ,912  ,16000  ,QUOTES SEGURETAT SOCIAL                           ,,9    ,1     ,18845.88,0,,14726.56
2025,063  ,2319 ,16000  ,QUOTES SEGURETAT SOCIAL                           ,,2    ,1     ,48189.87,0,,22609.85
2025,063  ,135  ,16000  ,QUOTES SEGURETAT SOCIAL                           ,,1    ,1     ,28198.08,0,,16176.06
2025,062  ,3113 ,16000  ,QUOTES SEGURETAT SOCIAL                           ,,3    ,1     ,77753.36,0,,52621.05
2025,062  ,3111 ,16000  ,QUOTES SEGURETAT SOCIAL                           ,,3    ,1     ,63784.08,0,,43891.77
2025,044  ,912  ,16000  ,QUOTES SEGURETAT SOCIAL                           ,,9    ,1     ,33188.4,0,,25671.98
2025,044  ,2315 ,227993 ,CONT SERVEI PREVENCIÓ I CONVIVÈNCIA               ,044,23   ,22    ,165000,0,,83952.67
2025,044  ,2316 ,227994 ,PRESTACIÓ SERVEIS SIAD SAI                        ,044,2316 ,227994,135000,0,,85864.97
2025,063  ,924  ,22799  ,CONTR PREST SERVEIS CIVISME I CONVIVÈNCIA         ,063,92   ,22    ,188595,3038.87,,130399.06
2025,062  ,3111 ,12100  ,COMPLEMENT DE DESTINACIÓ                          ,,3    ,1     ,36360.94,0,,25001.98
2025,0113 ,132  ,204    ,ARRENDAMENTS MATERIALS I EQUIPS                   ,011,13   ,20    ,133509,9399.23,,78991.12
2025,062  ,3111 ,12003  ,SOUS DEL GRUP C1                                  ,,3    ,1     ,23653.28,0,,17567.24
2025,061  ,912  ,10000  ,RETRIBUCIONS BÀSIQUES ÒRGANS DE GOVERN            ,,9    ,1     ,63119.56,0,,45615.8
2025,061  ,3423 ,13000  ,RETRIBUCIONS BÀSIQUES PERSONAL LABORAL FIX        ,,3    ,1     ,224622.21,0,,149947.45
2025,061  ,3423 ,12100  ,COMPLEMENT DE DESTINACIÓ                          ,,3    ,1     ,28618.24,0,,21678.19
2025,061  ,3423 ,12001  ,SOUS DEL GRUP A2                                  ,,3    ,1     ,15441.76,0,,11292.57
2025,061  ,3421 ,12101  ,COMPLEMENT ESPECÍFIC                              ,,3    ,1     ,138242.72,0,,99894.19
2025,061  ,3421 ,12006  ,TRIENNIS                                          ,,3    ,1     ,25641.66,0,,17847.39
2025,061  ,3421 ,12004  ,SOUS DEL GRUP C2                                  ,,3    ,1     ,10024.64,0,,7246.83
2025,012  ,931  ,12003  ,SOUS DEL GRUP C1                                  ,,9    ,1     ,27659.12,0,,17207.78
2025,012  ,9209 ,12101  ,COMPLEMENT ESPECÍFIC                              ,,9    ,1     ,95115.58,0,,61778.38
2025,012  ,9209 ,12006  ,TRIENNIS                                          ,,9    ,1     ,7753.67,0,,5295.98
2025,012  ,9209 ,12001  ,SOUS DEL GRUP A2                                  ,,9    ,1     ,15441.76,0,,11292.57
2025,012  ,9208 ,12101  ,COMPLEMENT ESPECÍFIC                              ,,9    ,1     ,68967.08,0,,69289.58
2025,012  ,9208 ,12004  ,SOUS DEL GRUP C2                                  ,,9    ,1     ,20049.28,0,,14493.66
2025,012  ,9206 ,13000  ,RETRIBUCIONS BÀSIQUES PERSONAL LABORAL FIX        ,,9    ,1     ,175397.02,0,,131526.22
2025,012  ,9206 ,12100  ,COMPLEMENT DE DESTINACIÓ                          ,,9    ,1     ,108035.81,0,,70076.36
2025,012  ,9206 ,12004  ,SOUS DEL GRUP C2                                  ,,9    ,1     ,35086.18,0,,28294.79
2025,012  ,920  ,22604  ,DESP DEFENSA JURÍDICA I REGISTRAL                 ,012,92   ,22    ,103000,0,,75323.2
2025,044  ,231  ,22700  ,NETEJA EDIFICIS SERVEIS SOCIALS                   ,044,23   ,22    ,341784,-16800,,213780.64
2025,0111 ,9202 ,226023 ,COMUNICACIÓ I DIFUSIÓ                             ,011,92   ,22    ,145150,26000,,47015.36
2025,041  ,3231 ,227001 ,NETEJA ESCOLES BRESSOL                            ,041,32   ,22    ,356292,0,,213284
2025,061  ,3421 ,12001  ,SOUS DEL GRUP A2                                  ,,3    ,1     ,30883.52,0,,22585.14
2025,061  ,3401 ,12006  ,TRIENNIS                                          ,,3    ,1     ,15371.2,-641.8,,9794.83
2025,061  ,3400 ,12101  ,COMPLEMENT ESPECÍFIC                              ,,3    ,1     ,11916.24,0,,8610.98
2025,061  ,3400 ,12006  ,TRIENNIS                                          ,,3    ,1     ,3092.12,0,,2235.54
2025,061  ,3400 ,11000  ,RETRIBUCIONS BÀSIQUES PERSONAL EVENTUAL           ,,3    ,1     ,77120.12,0,,55733.8
2025,051  ,912  ,10000  ,RETRIBUCIONS BÀSIQUES ÒRGANS DE GOVERN            ,,9    ,1     ,66588.76,0,,48123.08
2025,051  ,433  ,13000  ,RETRIBUCIONS BÀSIQUES PERSONAL LABORAL            ,,4    ,1     ,94183.34,0,,65900.17
2025,051  ,433  ,12006  ,TRIENNIS                                          ,,4    ,1     ,16851.9,0,,13510.95
2025,0111 ,920  ,227991 ,"PREST SERV INNOV DIGITAL, QUALITAT I PROJ ESTRATÈG",011,92   ,22    ,100000,0,,45019.26
2025,041  ,3232 ,227002 ,NETEJA ESCOLES                                    ,041,32   ,22    ,2486001,0,,1443562.4
2025,012  ,9206 ,12001  ,SOUS DEL GRUP A2                                  ,,9    ,1     ,70547.32,0,,47959.57
2025,012  ,9205 ,12101  ,COMPLEMENT ESPECÍFIC                              ,,9    ,1     ,212838.78,0,,147747.02
2025,012  ,9205 ,12004  ,SOUS DEL GRUP C2                                  ,,9    ,1     ,50123.2,-10024.64,,32027.58
2025,012  ,9205 ,12000  ,SOUS DEL GRUP A1                                  ,,9    ,1     ,96582.4,0,,65250.24
2025,012  ,9204 ,12101  ,COMPLEMENT ESPECÍFIC                              ,,9    ,1     ,11916.24,0,,9318.44
2025,012  ,9204 ,12004  ,SOUS DEL GRUP C2                                  ,,9    ,1     ,10024.64,0,,7939.91
2025,012  ,92010,12100  ,COMPLEMENT DE DESTINACIÓ                          ,,9    ,1     ,65651.04,0,,30813.1
2025,0113 ,1320 ,13000  ,RETRIBUCIONS BÀSIQUES PERSONAL LABORAL FIX        ,,1    ,1     ,252682.99,0,,184676.23
2025,0113 ,132  ,22103  ,POLICIA LOCAL-COMBUSTIBLE                         ,011,13   ,22    ,33880,961.43,,12776.52
2025,0111 ,920  ,227992 ,CONTR PREST SERVEIS SITIC                         ,011,92   ,22    ,120000,0,,13794
2025,0113 ,132  ,22100  ,SUBM. ENERGIA ELÈCTRICA SEGURETAT CIUTADANA       ,,1    ,221   ,27221,8182.42,,18414.87
2025,041  ,3231 ,221001 ,ELECTRICITAT ESCOLES BRESSOL                      ,,3    ,221   ,4950,1883.28,,2888.8
2025,051  ,433  ,12001  ,SOUS DEL GRUP A2                                  ,,4    ,1     ,72904.84,0,,42996.63
2025,051  ,2411 ,13000  ,RETRIBUCIONS BÀSIQUES PERSONAL LABORAL FIX        ,,2    ,1     ,83030.87,0,,60253.08
2025,044  ,2311 ,12006  ,TRIENNIS                                          ,,2    ,1     ,61053.3,0,,48070.47
2025,044  ,2310 ,12101  ,COMPLEMENT ESPECÍFIC                              ,,2    ,1     ,365141.35,100000,,269960.09
2025,044  ,2310 ,12006  ,TRIENNIS                                          ,,2    ,1     ,47823.11,0,,33459.07
2025,044  ,2310 ,12003  ,SOUS DEL GRUP C1                                  ,,2    ,1     ,65046.5,0,,41646.37
2025,044  ,2310 ,11000  ,RETRIBUCIONS BÀSIQUES PERSONAL EVENTUAL           ,,2    ,1     ,81607.15,0,,59025.42
2025,044  ,2312 ,22110  ,SUBMINISTRAMENT PRODUCTES NETEJA                  ,044,23   ,22    ,9680,0,,2236.91
2025,0113 ,132  ,22104  ,VESTUARI I EQUIP POLICIA LOCAL                    ,011,13   ,22    ,175000,0,,42976.48
2025,042  ,333  ,227993 ,CONTR PREST SERVEIS CC S JORDI-RIBERA BAIXA       ,042,33   ,22    ,262200,0,,225000
2025,031  ,165  ,22100  ,CONSUM ELÈCTRIC ENLLUMENAT PÚBLIC                 ,,1    ,221   ,629321,152789.16,,473294.98
2025,0113 ,1320 ,12100  ,COMPLEMENT DE DESTINACIÓ                          ,,1    ,1     ,705090.12,0,,461129.89
2025,0113 ,1320 ,12004  ,SOUS DEL GRUP C2                                  ,,1    ,1     ,50123.2,0,,44357.82
2025,0113 ,1320 ,11000  ,RETRIBUCIONS BÀSIQUES PERSONAL EVENTUAL           ,,1    ,1     ,82956.24,0,,60027.52
2025,0112 ,432  ,13000  ,RETRIBUCIONS BÀSIQUES PERSONAL LABORAL FIX        ,,4    ,1     ,45069.9,0,,32744.7
2025,0111 ,925  ,12006  ,TRIENNIS                                          ,,9    ,1     ,27572.3,0,,17655.1
2025,0111 ,925  ,12004  ,SOUS DEL GRUP C2                                  ,,9    ,1     ,100246.4,0,,65262.9
2025,0111 ,9231 ,12100  ,COMPLEMENT DE DESTINACIÓ                          ,,9    ,1     ,22316.42,0,,16175.75
2025,0111 ,9207 ,13000  ,RETRIBUCIONS BÀSIQUES PERSONAL LABORAL FIX        ,,9    ,1     ,141077.18,0,,102503.4
2025,0111 ,9207 ,12100  ,COMPLEMENT DE DESTINACIÓ                          ,,9    ,1     ,128827.72,0,,82936.38
2025,0111 ,9207 ,12003  ,SOUS DEL GRUP C1                                  ,,9    ,1     ,47306.56,0,,42713.63
2025,051  ,2412 ,227992 ,CONTR PREST SERVEIS PROJECTES D'INSERCIÓ LABORAL  ,051,2412 ,227992,250336,0,,142472
2025,044  ,2312 ,22104  ,VESTUARI RESIDÈNCIA D'AVIS                        ,044,23   ,22    ,4235,0,,335.93
2025,011  ,9202 ,227994 ,CONTR PREST SERVEIS AUDIOVISUALS                  ,011,92   ,22    ,0,0,,0
2025,012  ,920  ,216    ,MANTENIMENT EQUIPS INFORMÀTICS/PROGRAMARI         ,012,92   ,21    ,0,0,,0
2025,012  ,920  ,22002  ,MATERIAL INFORMÀTIC NO INVENTARIABLE              ,012,92   ,22    ,0,0,,0
2025,012  ,920  ,227062 ,ESTUDIS I TREBALLS TÈCNICS TIC                    ,012,92   ,22    ,0,0,,0
2025,012  ,920  ,227063 ,OFICINA TÈCNICA DESENVOLUPAMENT PROGRAMARI SITIC  ,012,92   ,22    ,0,0,,0
2025,013  ,132  ,204    ,ARRENDAMENTS MATERIALS I EQUIPS                   ,013,13   ,20    ,0,0,,0
2025,013  ,132  ,212    ,CONSERV EDIFI INSTAL SEG CIUTADANA                ,013,13   ,21    ,0,0,,0
2025,013  ,132  ,214    ,POLICIA LOCAL-VEHICLES                            ,013,13   ,21    ,0,0,,0
2025,013  ,132  ,22799  ,CONTR PREST SERVEIS SEG CIUTADANA                 ,013,13   ,22    ,0,0,,0
2025,031  ,920  ,212    ,EDIFICIS-INSTAL MPALS CONSERV-REPARACIÓ           ,031,92   ,21    ,0,0,,0
2025,041  ,3231 ,212    ,ESCOLA BRESSOL-CONSERV. I REPARACIÓ               ,041,32   ,21    ,0,0,,0
2025,041  ,3232 ,212    ,ESCOLES-CONSERVACIÓ I REPARACIÓ                   ,041,32   ,21    ,0,0,,0
2025,042  ,333  ,212    ,CONSERV-REP EDIFICIS-INSTAL CULTURA               ,042,33   ,21    ,0,0,,0
2025,043  ,334  ,22799  ,PLA JOVE                                          ,043,33   ,22    ,0,0,,0
2025,043  ,334  ,465    ,TRANSF CONVENI ASS. MOBILITAT INTERN. JOVES       ,043,334  ,465   ,0,0,,0
2025,051  ,241  ,212    ,CONSERV-REPARACIÓ EDIFICI CPE                     ,051,24   ,21    ,0,0,,0
2025,061  ,3421 ,22100  ,ELECTRICITAT CEMS                                 ,,3    ,221   ,143606,59885.18,,60103.05
2025,051  ,4311 ,227991 ,CONTR PREST SERVEIS PRODUCTE LOCAL                ,051,43   ,22    ,0,0,,0
2025,061  ,3421 ,212    ,CEMS CONSERVACIÓ I REPARACIÓ                      ,061,34   ,21    ,0,0,,0
2025,061  ,3423 ,212    ,"CEM ESTRUCH, CONSERVACIÓ I REPARACIÓ              ",061,34   ,21    ,0,0,,0
2025,062  ,311  ,212    ,"EDIF. SANITAT-CONSERV, I REP.                     ",062,31   ,21    ,0,0,,0
2025,072  ,231  ,212    ,CONSERVACIÓ-REPARACIÓ EDIFICIS S.SOCIALS          ,072,23   ,21    ,0,0,,0
2025,072  ,2311 ,227991 ,CONTRAPRESTACIÓ SERVEIS ÀREA                      ,072,23   ,22    ,0,0,,0
2025,072  ,2311 ,227995 ,SERVEI PRELABORAL                                 ,072,23   ,22    ,0,0,,0
2025,072  ,2311 ,622    ,INV NOVA RESIDENCIA D'AVIS                        ,072,2311 ,622   ,0,0,,0
2025,072  ,2312 ,227995 ,CONTR PREST SERVEIS GENT GRAN                     ,072,23   ,22    ,0,0,,0
2025,072  ,2315 ,227993 ,CONT SERVEI PREVENCIÓ I CONVIVÈNCIA               ,072,23   ,22    ,0,0,,0
2025,072  ,2316 ,227994 ,PRESTACIÓ SERVEIS SIAD SAI                        ,072,23   ,22    ,0,0,,0
2025,072  ,924  ,22799  ,CONTR PREST SERVEIS CIVISME I CONVIVÈNCIA         ,072,92   ,22    ,0,0,,0
2025,052  ,4312 ,21200  ,CONSERVACIÓ-REPARACIO MERCAT                      ,052,43   ,21    ,180,0,,38.12
2025,0111 ,9207 ,12000  ,SOUS DEL GRUP A1                                  ,,9    ,1     ,79021.96,0,,38726.34
2025,061  ,3425 ,22100  ,ELECTRICITAT CEM FONDO D'EN PEIXO                 ,,3    ,221   ,39866,8201.46,,29343.12
2025,061  ,342  ,21200  ,MANTENIMENT ALTRES INSTAL·LACIONS ESPORTIVES      ,061,34   ,21    ,39332,0,,3156.38
2025,041  ,326  ,227992 ,"LECTURA, ÈXIT EDUCATIU I COMUNITAT (LECXIT)       ",041,32   ,22    ,26033,0,,21693.35
2025,063  ,924  ,227992 ,CONTR PREST SERVEIS SUPORT TEIXIT ASSOCIATIU      ,063,92   ,22    ,102661,0,,68308.72
2025,063  ,2314 ,227992 ,CONTR PREST SERVEIS COL·LECTIUS NECESSITATS ESPECI,063,23   ,22    ,27005,575,,12265.29
2025,032  ,134  ,22799  ,CONT. SERVEIS VEHICLE ELECTRIC COMPARTIT          ,032,13   ,22    ,75000,0,,53174.03
2025,061  ,3423 ,22700  ,NETEJA CEM ESTRUCH                                ,061,34   ,22    ,584345,0,,360730.08
2025,044  ,2312 ,22199  ,MATERIAL TÈCNIC RESIDÈNCIA D'AVIS                 ,044,23   ,22    ,3630,0,,0
2025,061  ,3424 ,22102  ,CONSUM GAS CEM JULIO MÉNDEZ                       ,,3    ,221   ,16048,2865.72,,9882.71
2025,051  ,241  ,22700  ,NETEJA CPE                                        ,051,24   ,22    ,169982,-20300,,98425.84
2025,012  ,920  ,233    ,ASSISTÈNCIA TRIBUNALS                             ,012,92   ,23    ,5950,0,,2620.67
2025,014  ,1532 ,619    ,INV MILLORA INFRAESTRUCT BÉNS ÚS GRAL(ESPAI PUBLIC,014,1532 ,619   ,828900,1804433.98,,527820.21
2025,063  ,924  ,22100  ,ELECTRICITAT HORTS MUNICIPALS                     ,,9    ,221   ,5678,401.42,,1611.33
2025,0111 ,9202 ,227995 ,CONT PREST SERVEIS AUDIOVISUALS                   ,011,92   ,22    ,75000,1542.75,,23745.41
2025,062  ,311  ,226992 ,PROGRAMA DE CARDIOPROTECCIÓ                       ,062,31   ,22    ,3280,0,,1715.18
2025,051  ,241  ,22100  ,ELECTRICITAT CPE                                  ,,2    ,221   ,47597,16802.36,,46786.97
2025,063  ,924  ,227994 ,MOSTRA D'ENTITATS                                 ,063,92   ,22    ,67500,0,,14831.12
2025,042  ,333  ,22100  ,ELECTRICITAT EDIFICIS CULTURA                     ,,3    ,221   ,386960,60125.59,,299515.87
2025,061  ,3423 ,22100  ,ELECTRICITAT CEM ESTRUCH                          ,,3    ,221   ,102489,68542.96,,125424.9
2025,044  ,2315 ,227994 ,"PRESTACIÓ SERVEIS PLA DE BARRIS (BARRIS CREATIUS,)",044,2315 ,227994,165700,60348.75,,105625.42
2025,062  ,311  ,22100  ,ELECTRICITAT EDIFICI SALUT PÚBLICA                ,,3    ,221   ,13287,2081.89,,11049.91
2025,0112 ,432  ,22799  ,CONTR PREST SERV OFICINA PORTA DEL DELTA          ,011,43   ,22    ,78265,0,,42532.54
2025,061  ,3421 ,22700  ,NETEJA CEMS                                       ,061,34   ,22    ,667068,0,,441055.6
2025,031  ,1500 ,221031 ,COMBUSTIBLE VEHICLES                              ,031,15   ,22    ,45980,1982.71,,26809.93
2025,041  ,326  ,227994 ,PREST SERVEIS-PATI OBERT                          ,041,32   ,22    ,27480,0,,18503.58
2025,042  ,333  ,22700  ,NETEJA EDIFICIS CULTURA                           ,042,33   ,22    ,1282301,0,,826254
2025,062  ,311  ,227992 ,PREST SERVEIS PREVENTIUS                          ,062,31   ,22    ,60000,0,,47561
2025,032  ,1721 ,227991 ,PREST SERVEIS -ESPAIS NATURALS-PLATJA             ,032,17   ,22    ,15000,0,,0
2025,031  ,920  ,22100  ,ELECTRICITAT EDIFICIS MPALS                       ,,9    ,221   ,214523,30482.03,,102621.87
2025,052  ,4312 ,22100  ,ELECTRICITAT MERCAT MPAL                          ,,4    ,221   ,12827,5966.68,,14017.3
2025,041  ,3232 ,221002 ,SUBM. ENERGIA ELÈCTRICA ESCOLES                   ,,3    ,221   ,132994,30852.01,,93155.46
2025,031  ,920  ,22700  ,NETEJA EDIFICIS MUNICIPALS                        ,031,92   ,22    ,674725,0,,413339.88
2025,044  ,231  ,22100  ,ELECTRICITAT EDIFICIS SERVEIS SOCIALS             ,,2    ,221   ,32637,9668.02,,31488.61
2025,044  ,2312 ,227996 ,CONTR PREST SERVEIS RESIDÈNCIA AVIS               ,044,23   ,22    ,26083,0,,19614.95
2025,063  ,924  ,227993 ,CONTR PREST SERVEIS INTERCULTURALITAT             ,063,92   ,22    ,63000,0,,26897.07
2025,051  ,2413 ,227993 ,CONTR PREST SERVEIS ECONOMIA SOCIAL               ,051,2413 ,227993,54500,20000,,53862.05
2025,042  ,338  ,22799  ,"CALENDARI FESTIU, CONTR PREST SERVEIS             ",042,33   ,22    ,200000,80000,,39401.92
2025,051  ,2412 ,227994 ,CONTR PREST SERVEIS CLUB DE FEINA                 ,051,2412 ,227994,148945,0,,94968.1
2025,062  ,311  ,22700  ,NETEJA EDIFICI SALUT PÚBLICA                      ,062,31   ,22    ,56558,0,,32758.72
2025,0111 ,9202 ,12101  ,COMPLEMENT ESPECÍFIC                              ,,9    ,1     ,77849.8,0,,54433.84
2025,061  ,3411 ,227994 ,PREST SERVEIS JOCS ESCOLARS I CEJ                 ,061,34   ,22    ,39509,0,,24821.18
2025,0111 ,9202 ,12006  ,TRIENNIS                                          ,,9    ,1     ,9641.62,0,,7230.62
2025,011  ,9203 ,12100  ,COMPLEMENT DE DESTINACIÓ                          ,,9    ,1     ,31554.14,0,,18178.94
2025,011  ,9203 ,12004  ,SOUS DEL GRUP C2                                  ,,9    ,1     ,25061.56,0,,14506.03
2025,042  ,338  ,226991 ,"CALENDARI FESTIU, DESPESES DIVERSES               ",042,33   ,22    ,158000,33759,,75676.54
2025,052  ,4312 ,22700  ,NETEJA MERCAT MUNICIPAL                           ,052,43   ,22    ,42234,0,,24455.76
2025,031  ,1500 ,22104  ,VESTUARI BRIGADA                                  ,031,15   ,22    ,50820,0,,9187.83
2025,061  ,3401 ,13000  ,RETRIBUCIONS PERSONAL LABORAL  FIX                ,,3    ,1     ,0,26275.29,,18598.39
2025,064  ,334  ,780    ,TRANSF DE CAPITAL AGRUPACIÓ CONXITA BUSQUETS      ,064,334  ,780   ,0,10000,,6000
2025,031  ,160  ,740    ,TRANSFERÈNCIA DE CAPITAL APSA                     ,031,160  ,740   ,0,289349.8,,135235.65
2025,0111 ,491  ,740    ,TRANSFERENC CAPITAL PRAT COMUNICACIÓ              ,011,491  ,740   ,25000,0,,0
2025,0112 ,419  ,48905  ,TRANSF CORRENTS AMICS DEL CAVALL (AMICS DEL PRAT) ,011,419  ,48905 ,15000,0,,15000
2025,0112 ,419  ,48906  ,TRANSF CORRENTS AMICS DEL PRAT  APLEC DE LA TARTAN,011,419  ,48906 ,4000,0,,2400
2025,0112 ,432  ,12006  ,TRIENNIS                                          ,,4    ,1     ,555.48,0,,402.08
2025,0112 ,432  ,12101  ,COMPLEMENT ESPECÍFIC                              ,,4    ,1     ,13048,0,,9265.68
2025,012  ,920  ,12004  ,SOUS DEL GRUP C2                                  ,,9    ,1     ,5012.3,0,,0
2025,012  ,920  ,12100  ,COMPLEMENT DE DESTINACIÓ                          ,,9    ,1     ,1802.5,0,,0
2025,012  ,920  ,12101  ,COMPLEMENT ESPECÍFIC                              ,,9    ,1     ,5522.16,0,,0
2025,012  ,920  ,16000  ,QUOTES SOCIALS SEGURETAT SOCIAL                   ,,9    ,1     ,3920.64,0,,0
2025,012  ,92010,12006  ,TRIENNIS                                          ,,9    ,1     ,10203.8,0,,6340.34
2025,012  ,9204 ,15400  ,INDEMNITZACIONS FI CONTRACTES/NOMENAMENTS         ,,9    ,1     ,2500,0,,0
2025,012  ,9204 ,15500  ,ADEQUACIONS RELACIÓ LLOCS DE TREBALL              ,,9    ,1     ,1000000,0,,0
2025,014  ,231  ,632    ,INV MILLORA EQUIPAMENTS I SERVEIS                 ,014,231  ,632   ,106409.52,0,,0
2025,014  ,440  ,12004  ,SOUS DEL GRUP C2                                  ,,4    ,1     ,10024.64,0,,495.68
2025,014  ,92011,12003  ,SOUS DEL GRUP C1                                  ,,9    ,1     ,11826.64,0,,8596.66
2025,021  ,1500 ,12003  ,SOUS DEL GRUP C1                                  ,,1    ,1     ,5913.3,0,,0
2025,021  ,1514 ,12004  ,SOUS DEL GRUP C2                                  ,,1    ,1     ,10024.64,0,,7246.83
2025,021  ,1521 ,609    ,INV EN BENS D'US GENERAL                          ,021,1521 ,609   ,1800000,0,,0
2025,021  ,1522 ,632    ,INV MILLORA EQUIPAMENTS I SERVEIS                 ,021,1522 ,632   ,400000,0,,0
2025,031  ,1622 ,227001 ,GESTIÓ APSA TAXA DE RESIDUS                       ,031,16   ,22    ,236000,0,,141600
2025,031  ,165  ,619    ,INV MILLORES ENLLUMENAT PÚBLIC                    ,031,165  ,619   ,100000,1160542.6,,13517.26
2025,032  ,419  ,489    ,APORT. CONSELL REGULADOR IGP RAÇA PRAT            ,032,419  ,489   ,6000,2400,,5871.78
2025,032  ,419  ,48903  ,TRANSF CORRENTS ASSOC CRIADORS RAÇA PRAT          ,032,419  ,48903 ,8000,3200,,7514.86
2025,032  ,4311 ,227991 ,CONTR PREST SERVEIS PRODUCTE LOCAL                ,032,43   ,22    ,50000,0,,22892
2025,041  ,3231 ,12004  ,SOUS DEL GRUP C2                                  ,,3    ,1     ,5012.3,0,,0
2025,041  ,326  ,227991 ,PREST SERV FORMACIÓ PARES I MARES                 ,041,32   ,22    ,3000,0,,0
2025,042  ,3321 ,2260902,DESP DIVERSES PLA DE LECTURA                      ,042,33   ,22    ,20000,0,,0
2025,042  ,334  ,48927  ,TRANSF CORRENTS AMPA MARE DE DEU DEL CARME (COLLA ,042,334  ,48927 ,3000,1200,,3000
2025,042  ,334  ,48928  ,TRANSF CORRENTS ASSOCIACIÓ PICACRESTES            ,042,334  ,48928 ,3000,0,,1800
2025,042  ,338  ,48901  ,TRANSF COR COLLA DIABLES DEL PRAT (SANT POLLIN)   ,042,338  ,48901 ,6000,-6000,,0
2025,044  ,2311 ,632    ,INV MILLORA EQUIPAMENTS I SERVEIS                 ,044,2311 ,632   ,50000,0,,0
2025,044  ,2312 ,221991 ,SUBMINISTRAMENTS DIVERSOS RESIDÈNCIA D'AVIS       ,044,23   ,22    ,3000,0,,0
2025,044  ,2312 ,227992 ,CONTR PRESTACIÓ SERVEIS SAD DEPENDÈNCIA           ,044,23   ,22    ,2278484,-17200,,1307303.79
2025,044  ,2312 ,227993 ,CONTR TELEASSISTÈNCIA                             ,044,23   ,22    ,155000,15000,,47964.68
2025,044  ,2312 ,227994 ,CONTR PRESTACIÓ SERVEIS SAD SOCIAL                ,044,23   ,22    ,612416,0,,411009.92
2025,044  ,2312 ,46501  ,TRANSF TRANSPORT ADAPTAT-CONSELL COMARCAL         ,044,2312 ,46501 ,232000,0,,0
2025,044  ,2313 ,465    ,TRANSF CORRENTS EAIA CONSELL COMARCAL             ,044,2313 ,465   ,20000,0,,0
2025,044  ,2313 ,48902  ,TRANSF CORRENTS ESCOLES BRESSOL                   ,044,2313 ,48902 ,35000,0,,18886.92
2025,044  ,2313 ,48903  ,TRANSF CORRENTS SAO PRAT                          ,044,2313 ,48903 ,140000,56000,,140000
2025,044  ,2313 ,48904  ,TRANSF ACTIVITATS LLEURE SOCIOEDUCATIU            ,044,2313 ,48904 ,350000,0,,163891.14
2025,044  ,2313 ,48905  ,TRANSF CORRENTS EDUVIC                            ,044,2313 ,48905 ,67186,24000,,64311.6
2025,044  ,2316 ,48914  ,"TRANSF CORRENT CASES ACOLLIDA VVM, AGI            ",044,2316 ,48914 ,28000,11200,,28000
2025,051  ,2413 ,48921  ,TR CORRENTS EI SAOPRAT SL  -LLOGUER NAU-          ,051,2413 ,48921 ,10000,0,,6000
2025,051  ,433  ,22707  ,DOTACIÓ PREMIS DELTA                              ,051,433  ,22707 ,4000,0,,4000
2025,052  ,430  ,12004  ,SOUS DEL GRUP C2                                  ,,4    ,1     ,10024.64,0,,2631.76
2025,052  ,430  ,12006  ,TRIENNIS                                          ,,4    ,1     ,4019.77,0,,78.82
2025,052  ,430  ,227992 ,CONTR PREST SERVEIS ENLLUMENAT DE NADAL           ,052,43   ,22    ,54200,0,,0
2025,052  ,430  ,48906  ,XECS DE COMERÇ                                    ,052,430  ,48906 ,50000,0,,0
2025,061  ,3411 ,48924  ,CONVENI FUNDACIÓ PRIVADA AE PRAT PROMOCIÓ FUTBOL  ,061,3411 ,48924 ,86000,0,,0
2025,012  ,92010,12004  ,SOUS DEL GRUP C2                                  ,,9    ,1     ,0,10024.64,,0
2025,032  ,170  ,609    ,MILLORA RESILIÈNCIA SERV MPALS CONSUM AIGUA/SEQUER,032,170  ,609   ,0,168035.16,,130937.02
2025,031  ,160  ,44901  ,TRANSFERÈNCIA SERVEIS CLAVEGUERAM                 ,03 ,16   ,44    ,0,983740,,491870
2025,021  ,231  ,632    ,INV MILLORA EQUIPAMENTS ACCIÓ SOCIAL              ,021,231  ,632   ,0,478267.04,,311779.33
2025,063  ,2318 ,12000  ,SOUS DEL GRUP A1                                  ,,2    ,1     ,0,15441.76,,12821.89
2025,021  ,150  ,640    ,"REDACCIÓ DE PROJECTES, ESTUDIS, DIRECCIONS OBRES  ",021,150  ,640   ,0,317633.5,,114703.37
2025,042  ,336  ,22602  ,PUBLICACIÓ BECA RECERCA HISTÒRICA                 ,042,33   ,22    ,0,3000,,0
2025,061  ,3423 ,121039 ,RETRIBUCIONS COMPLEMENTÀRIES SUPLÈNCIES           ,,3    ,1     ,27000,0,,20960.06
2025,061  ,3423 ,13001  ,HORES EXTRAORDINÀRIES PERSONAL LABORAL FIX        ,,3    ,1     ,8000,0,,6743.7
2025,061  ,3423 ,13002  ,ALTRES REMUNERACIONS PERSONAL LABORAL FIX         ,,3    ,1     ,5835.48,0,,5026.22
2025,061  ,3423 ,16000  ,QUOTES SEGURETAT SOCIAL                           ,,3    ,1     ,144802.21,0,,127509.43
2025,061  ,912  ,16000  ,QUOTES SEGURETAT SOCIAL                           ,,9    ,1     ,18817.08,0,,14705.39
2025,062  ,311  ,226991 ,DESP. DIVERSES                                    ,062,31   ,22    ,500,0,,75
2025,062  ,311  ,227991 ,PREST SERVEIS SALVAMENT PLATJA                    ,062,31   ,22    ,245000,0,,140399.37
2025,062  ,3111 ,12000  ,SOUS DEL GRUP A1                                  ,,3    ,1     ,17560.44,0,,12908.78
2025,062  ,3111 ,12004  ,SOUS DEL GRUP C2                                  ,,3    ,1     ,35086.22,0,,21385.22
2025,062  ,3111 ,12006  ,TRIENNIS                                          ,,3    ,1     ,16308.76,0,,10426.19
2025,062  ,3111 ,12101  ,COMPLEMENT ESPECÍFIC                              ,,3    ,1     ,87173.52,0,,59014.33
2025,062  ,3112 ,16000  ,QUOTES SEGURETAT SOCIAL                           ,,3    ,1     ,13265.28,0,,10414.49
2025,062  ,3112 ,22106  ,MATERIAL SANITARI                                 ,062,31   ,22    ,3400,0,,0
2025,062  ,3112 ,226991 ,DESP. DIVERSES PROMOCIÓ DE LA SALUT               ,062,31   ,22    ,4250,0,,75
2025,062  ,3112 ,227992 ,PROGRAMES SALUT COMUNITARIA                       ,062,31   ,22    ,3825,0,,0
2025,062  ,3112 ,48902  ,TRANSF CORRENTS ENTITATS                          ,062,3112 ,48902 ,4000,1378.64,,3325.18
2025,011  ,9203 ,12003  ,SOUS DEL GRUP C1                                  ,,9    ,1     ,0,11826.64,,0
2025,062  ,3112 ,48903  ,TRANSF CORRENTS ASSOCIACIÓ FAMILIARS ALZHEIMER    ,062,3112 ,48903 ,32000,12800,,32000
2025,062  ,3112 ,48906  ,CONVENI CREU ROJA                                 ,062,3112 ,48906 ,6000,2400,,6000
2025,062  ,3113 ,12001  ,SOUS DEL GRUP A2                                  ,,3    ,1     ,61767.04,0,,44801.4
2025,062  ,3113 ,12100  ,COMPLEMENT DE DESTINACIÓ                          ,,3    ,1     ,25700.36,0,,18729.78
2025,062  ,3113 ,13000  ,RETRIBUCIONS BÀSIQUES PERSONAL LABORAL FIX        ,,3    ,1     ,91947.02,0,,66942.45
2025,062  ,3113 ,22113  ,MATERIAL SANITAT AMBIENTAL                        ,062,31   ,22    ,17000,0,,100
2025,062  ,3113 ,22799  ,SERVEIS DIVERSOS SEGURETAT ALIMENTARI             ,062,31   ,22    ,18000,0,,0
2025,062  ,3113 ,227994 ,GESTIÓ COLÒNIES CONTRALADES GATS                  ,062,31   ,22    ,84000,0,,39353.55
2025,062  ,3113 ,465    ,"TRANSF. CORRENTS COMARQUES, CONV MOSQUITS         ",062,3113 ,465   ,20000,374.86,,10187.43
2025,062  ,312  ,22799  ,CONTR PREST SERVEIS PERS AMB VULNERABILITAT       ,062,31   ,22    ,240000,0,,160000
2025,062  ,493  ,12006  ,TRIENNIS                                          ,,4    ,1     ,7122.96,0,,5201
2025,062  ,493  ,12100  ,COMPLEMENT DE DESTINACIÓ                          ,,4    ,1     ,6613.18,0,,4778.99
2025,062  ,493  ,12101  ,COMPLEMENT ESPECÍFIC                              ,,4    ,1     ,13452.46,0,,9721.15
2025,062  ,493  ,16000  ,QUOTES SEGURETAT SOCIAL                           ,,4    ,1     ,11267.16,0,,8834.96
2025,063  ,135  ,12000  ,SOUS DEL GRUP A1                                  ,,1    ,1     ,17560.44,0,,7967.32
2025,063  ,135  ,12001  ,SOUS DEL GRUP A2                                  ,,1    ,1     ,15441.76,0,,10818.67
2025,063  ,135  ,12006  ,TRIENNIS                                          ,,1    ,1     ,9464.38,0,,6183.23
2025,063  ,135  ,12100  ,COMPLEMENT DE DESTINACIÓ                          ,,1    ,1     ,17129.28,0,,9651.43
2025,063  ,135  ,12101  ,COMPLEMENT ESPECÍFIC                              ,,1    ,1     ,38341.52,0,,20934.48
2025,032  ,432  ,609    ,INV NOVA EN INSTAL LACIONS ACCIÓ AMBIENTAL        ,032,432  ,609   ,0,205537.26,,0
2025,032  ,920  ,632    ,MILLORA EFICIENCIA ENERGÈTICA EQUIPAM MUNICIPALS  ,032,920  ,632   ,0,28738.79,,28738.78
2025,021  ,150  ,6401   ,ACORD MARC REDACCIÓ DE PROJECTES                  ,021,150  ,6401  ,0,18891.28,,6877.6
2025,014  ,231  ,625    ,INV NOU MOBILIARI ALLOTJAMENT TEMPORAL EMERGENCIA ,014,231  ,625   ,0,73982.09,,0
2025,063  ,135  ,22199  ,MATERIAL DIVERS - PROTECCIÓ CIVIL                 ,063,13   ,22    ,2000,0,,0
2025,063  ,2311 ,48916  ,TRANSF CORRENTS FEDERACIO SALUT MENTAL CATALUNYA  ,063,2311 ,48916 ,38000,15200,,38000
2025,063  ,2312 ,221991 ,SUBMINISTRAMENTS DIVERSOS                         ,063,23   ,22    ,3000,0,,1398.52
2025,063  ,2312 ,48903  ,TRANSF CORRENTS GENT GRAN                         ,063,2312 ,48903 ,4000,-4000,,0
2025,063  ,2312 ,48905  ,"TRANSF CORRENTS COOP VIVENDES, CASAL AVIS         ",063,2312 ,48905 ,40000,16000,,40000
2025,063  ,2314 ,48902  ,TRANSF CORRENTS DIVERSITAT FUNCIONAL              ,063,2314 ,48902 ,10000,4000,,9319.9
2025,063  ,2314 ,48906  ,TRANSF CORRENTS DISPRAT-LLEURE                    ,063,2314 ,48906 ,70000,28000,,70000
2025,063  ,2314 ,789    ,TRANSF CAPITAL ADAP VEHICLES SERVEI PUBLIC        ,063,2314 ,789   ,30000,30000,,0
2025,063  ,2316 ,227991 ,PRESTACIÓ DE SERVEIS IGUALTAT I FEMINISMES        ,063,23   ,22    ,20000,0,,10187.21
2025,063  ,2316 ,227995 ,PRESTACIÓ SERVEIS ACTIVITATS EDUCATIVES           ,063,23   ,22    ,8500,0,,0
2025,063  ,2316 ,48901  ,TRANSF CORRENTS IGUALTAT I DRETS SOCIALS          ,063,2316 ,48901 ,4000,565.2,,1670.7
2025,063  ,2317 ,12006  ,TRIENNIS                                          ,,2    ,1     ,10097.14,0,,7288.61
2025,063  ,2317 ,12100  ,COMPLEMENT DE DESTINACIÓ                          ,,2    ,1     ,26828.62,0,,19084.91
2025,063  ,2317 ,12101  ,COMPLEMENT ESPECÍFIC                              ,,2    ,1     ,55407.66,0,,39976.07
2025,063  ,2317 ,16000  ,QUOTES SEGURETAT SOCIAL                           ,,2    ,1     ,61224.2,0,,45013.04
2025,063  ,2318 ,12001  ,SOUS DEL GRUP A2                                  ,,2    ,1     ,30883.52,-15441.76,,10433.97
2025,063  ,2318 ,12003  ,SOUS DEL GRUP C1                                  ,,2    ,1     ,11826.64,0,,8596.67
2025,063  ,2318 ,12006  ,TRIENNIS                                          ,,2    ,1     ,13810.05,0,,16067.33
2025,063  ,2318 ,12101  ,COMPLEMENT ESPECÍFIC                              ,,2    ,1     ,83530.44,0,,59637.11
2025,063  ,2318 ,13000  ,RETRIBUCIONS BÀSIQUES PERSONAL LABORAL FIX        ,,2    ,1     ,17363.44,0,,0
2025,063  ,2318 ,16000  ,QUOTES SEGURETAT SOCIAL                           ,,2    ,1     ,69493.79,0,,45812.53
2025,063  ,2319 ,12001  ,SOUS DEL GRUP A2                                  ,,2    ,1     ,61767.04,0,,34604.2
2025,063  ,2319 ,12100  ,COMPLEMENT DE DESTINACIÓ                          ,,2    ,1     ,26452.44,0,,14658.95
2025,063  ,2319 ,12101  ,COMPLEMENT ESPECÍFIC                              ,,2    ,1     ,55407.66,0,,30974.45
2025,063  ,327  ,48901  ,TRANSF CORRENTS PROGRAMES COOPERACIÓ              ,063,327  ,48901 ,25000,0,,24266.65
2025,063  ,327  ,48902  ,TRANSF CORRENTS EDUCACIÓ PEL DESENVOLUPAMENT      ,063,327  ,48902 ,10000,0,,5000
2025,063  ,327  ,48905  ,TRANSF CORRENTS FONS CATALÀ DE COOPERACIÓ         ,063,327  ,48905 ,33000,0,,9715
2025,063  ,327  ,48907  ,TRANSF CORRENTS OPEN ARMS                         ,063,327  ,48907 ,20000,12000,,12000
2025,063  ,327  ,48909  ,TRANSF CORRENTS AJUDA HUMANITÀRIA                 ,063,327  ,48909 ,0,5000,,5000
2025,063  ,912  ,10000  ,RETRIBUCIONS BÀSIQUES ÒRGANS DE GOVERN            ,,9    ,1     ,66588.76,0,,48123.08
2025,063  ,924  ,22699  ,DESP DIVERSES ACCIÓ COMUNITARIA                   ,063,92   ,22    ,10000,0,,749.72
2025,063  ,924  ,227997 ,GESTIÓ HORTS MUNICIPALS                           ,063,92   ,22    ,110000,0,,78995.25
2025,063  ,924  ,48901  ,TRANSF CORRENTS PROMOCIÓ CÍVICA                   ,063,924  ,48901 ,42000,18000,,33991.2
2025,063  ,924  ,48903  ,TRANSF COR CENTRE INF TREBALLADORS ESTRANGERS (CIT,063,924  ,48903 ,0,3200,,3200
2025,063  ,924  ,48904  ,TRANSF CORRENTS ASSOC VEINS LA BARCELONETA        ,063,924  ,48904 ,0,5400,,5400
2025,064  ,3302 ,12006  ,TRIENNIS                                          ,,3    ,1     ,1879.44,962.72,,2292.97
2025,064  ,3302 ,12100  ,COMPLEMENT DE DESTINACIÓ                          ,,3    ,1     ,11593.54,5989.48,,12382.9
2025,064  ,3302 ,13000  ,RETRIBUCIONS BÀSIQUES PERSONAL LABORAL FIX        ,,3    ,1     ,44804.4,0,,32475.53
2025,064  ,3302 ,16000  ,QUOTES SEGURETAT SOCIAL                           ,,3    ,1     ,35566.86,10521.96,,35224.57
2025,064  ,334  ,48905  ,TRANSF CORRENTS AGRUPACIÓ CONXITA BUSQUETS        ,064,334  ,48905 ,10900,4360,,10900
2025,064  ,334  ,48906  ,TRANSF CORRENTS CE EL GLOBUS                      ,064,334  ,48906 ,27500,11000,,27500
2025,064  ,334  ,48907  ,TRANSF CORRENTS GRUP INFANTIL SANT COSME          ,064,334  ,48907 ,22600,8800,,22000
2025,064  ,334  ,48908  ,TRANSF CORRENTS AE ANTON VILA                     ,064,334  ,48908 ,3100,1240,,3100
2025,064  ,334  ,48910  ,TRANSF CORRENTS SANT PERE I SANT PAU              ,064,334  ,48910 ,3100,1240,,3100
2025,064  ,334  ,48911  ,TRANSF CORRENTS IMAGINARIUM                       ,064,334  ,48911 ,1200,480,,1200
2025,021  ,1521 ,7421   ,TRANSF CAPITAL PRAT ESPAIS (V.FERRER)             ,021,1521 ,7421  ,0,8653.71,,0
2025,044  ,2312 ,13000  ,RETRIBUCIONS BÀSIQUES PERSONAL LABORAL FIX        ,,2    ,1     ,386699.62,0,,229782.29
2025,0111 ,924  ,22706  ,ESTUDIS I TREBALLS TÈCNICS PARTICIPACIÓ           ,011,92   ,22    ,35000,5060.95,,13741.07
2025,044  ,2313 ,48906  ,TRANSF CORRENT FUNDACIÓ CATALANA ESPLAI GISC I JOV,044,2313 ,48906 ,45300,18000,,45180
2025,031  ,1532 ,13001  ,HORES EXTRAORDINÀRIES PERSONAL LABORAL FIX        ,,1    ,1     ,12000,0,,11692.77
2025,042  ,334  ,13000  ,RETRIBUCIONS BÀSIQUES PERSONAL LABORAL FIX        ,,3    ,1     ,137531.92,0,,120419.98
2025,042  ,334  ,12100  ,COMPLEMENT DE DESTINACIÓ                          ,,3    ,1     ,106242.64,0,,69765.15
2025,042  ,334  ,12003  ,SOUS DEL GRUP C1                                  ,,3    ,1     ,94613.12,0,,68153.14
2025,042  ,333  ,12101  ,COMPLEMENT ESPECÍFIC                              ,,3    ,1     ,11861.22,0,,8571.45
2025,042  ,333  ,12006  ,TRIENNIS                                          ,,3    ,1     ,2262.4,0,,1634.04
2025,042  ,3322 ,13000  ,RETRIBUCIONS BÀSIQUES PERSONAL LABORAL FIX        ,,3    ,1     ,158868.87,0,,115103.33
2025,042  ,3322 ,12100  ,COMPLEMENT DE DESTINACIÓ                          ,,3    ,1     ,5109.58,0,,3692.36
2025,042  ,3322 ,12004  ,SOUS DEL GRUP C2                                  ,,3    ,1     ,10024.64,0,,7246.83
2025,042  ,3301 ,12100  ,COMPLEMENT DE DESTINACIÓ                          ,,3    ,1     ,19359.76,0,,12327.26
2025,011  ,9201 ,13000  ,RETRIBUCIONS BÀSIQUES PERSONAL LABORAL FIX        ,,9    ,1     ,115802.08,0,,61121.24
2025,011  ,9201 ,12006  ,TRIENNIS                                          ,,9    ,1     ,13185.92,0,,10694.31
2025,011  ,9201 ,12003  ,SOUS DEL GRUP C1                                  ,,9    ,1     ,11826.64,0,,8596.67
2025,011  ,912  ,10000  ,RETRIBUCIONS BÀSIQUES ÒRGANS DE GOVERN            ,,9    ,1     ,77014.56,0,,52882.67
2025,061  ,342  ,22699  ,DESP DIVERSES ESPORTS                             ,061,34   ,22    ,4825,0,,3577.22
2025,032  ,425  ,6091   ,INV MILLORA EN INSTAL·LACIONS - ENERGIA           ,032,425  ,6091  ,50000,2200367.7,,1841157.75
2025,041  ,326  ,2279904,PRESTACIÓ SERVEIS ACTIV EXTRAESCOLARS ANGLES      ,041,326  ,227990,59994,0,,0
2025,012  ,920  ,227064 ,ESTUDIS I TREBALLS TECNICS SER CENTRALS I ECONOMIA,012,92   ,22    ,125400,-10000,,31112.13
2025,044  ,2314 ,48905  ,TRANSF CORRENTS COUFAR SCCL                       ,044,2314 ,48905 ,8000,3200,,3200
2025,063  ,231  ,226992 ,ALTRES DESPESES ACCIÓ COMUNITÀRIA                 ,063,23   ,22    ,5000,0,,2380.9
2025,062  ,3113 ,227992 ,TREBALLS TÈCNICS ANÀLISI AIGUA I ALIMENTS         ,062,31   ,22    ,63840,-374.86,,47659.66
2025,012  ,9209 ,16000  ,QUOTES SEGURETAT SOCIAL                           ,,9    ,1     ,137875.44,0,,90575.01
2025,042  ,3301 ,12000  ,SOUS DEL GRUP A1                                  ,,3    ,1     ,17560.44,0,,12908.78
2025,042  ,3300 ,12100  ,COMPLEMENT DE DESTINACIÓ                          ,,3    ,1     ,22238.86,0,,5914.34
2025,041  ,912  ,10000  ,RETRIBUCIONS BÀSIQUES ÒRGANS DE GOVERN            ,,9    ,1     ,66588.76,0,,72253.94
2025,041  ,3232 ,121039 ,RETRIBUCIONS COMPLEMENTÀRIES SUPLÈNCIES           ,,3    ,1     ,38000,0,,18841.17
2025,041  ,3232 ,12100  ,COMPLEMENT DE DESTINACIÓ                          ,,3    ,1     ,30566.7,0,,12206.18
2025,041  ,3232 ,12006  ,TRIENNIS                                          ,,3    ,1     ,7454.42,0,,2084.43
2025,041  ,3231 ,12101  ,COMPLEMENT ESPECÍFIC                              ,,3    ,1     ,166844.02,0,,80989.91
2025,041  ,3231 ,12005  ,SOUS DEL GRUP E                                   ,,3    ,1     ,18374.44,0,,6638.8
2025,041  ,3231 ,12003  ,SOUS DEL GRUP C1                                  ,,3    ,1     ,70959.84,0,,28859.37
2025,041  ,3202 ,13000  ,RETRIBUCIONS BÀSIQUES PERSONAL LABORAL FIX        ,,3    ,1     ,40012.58,0,,29077.98
2025,051  ,2412 ,224    ,ASSEGURANCES                                      ,051,2412 ,224   ,4500,650,,1106.43
2025,032  ,172  ,619    ,MILLORA INFRAESTRUCTURA I BENS US GENERAL         ,032,172  ,619   ,365000,0,,0
2025,041  ,3202 ,12100  ,COMPLEMENT DE DESTINACIÓ                          ,,3    ,1     ,34240.36,0,,20629.63
2025,041  ,3202 ,12006  ,TRIENNIS                                          ,,3    ,1     ,10030.63,0,,6820.52
2025,041  ,3200 ,12101  ,COMPLEMENT ESPECÍFIC                              ,,3    ,1     ,128441.32,0,,89920.89
2025,041  ,3200 ,12006  ,TRIENNIS                                          ,,3    ,1     ,13238.76,0,,11872.21
2025,032  ,1721 ,13000  ,RETRIBUCIONS BÀSIQUES PERSONAL LABORAL FIX        ,,1    ,1     ,30892.46,0,,22323.1
2025,032  ,1721 ,12100  ,COMPLEMENT DE DESTINACIÓ                          ,,1    ,1     ,8540,0,,6171.26
2025,032  ,1721 ,12000  ,SOUS DEL GRUP A1                                  ,,1    ,1     ,17560.44,0,,12908.78
2025,032  ,170  ,12006  ,TRIENNIS                                          ,,1    ,1     ,19679.78,0,,13103.08
2025,032  ,170  ,12003  ,SOUS DEL GRUP C1                                  ,,1    ,1     ,47306.56,0,,33359.83
2025,032  ,170  ,12000  ,SOUS DEL GRUP A1                                  ,,1    ,1     ,35120.88,0,,12908.78
2025,063  ,327  ,22799  ,CONTR PREST SERVEIS COOPERACIÓ                    ,063,32   ,22    ,12750,0,,1300
2025,051  ,2412 ,22199  ,SUBMINISTRAMENTS DIVERSOS -FORMACIÓ I OCUPACIÓ    ,051,2412 ,22199 ,8000,48350,,15240.35
2025,014  ,150  ,639    ,INV DE MILLORA EN INSTAL LACIONS                  ,014,150  ,639   ,320000,322542.62,,66139.07
2025,031  ,912  ,10000  ,RETRIBUCIONS BÀSIQUES ÒRGANS DE GOVERN            ,,9    ,1     ,66588.76,0,,48123.08
2025,031  ,1532 ,12100  ,COMPLEMENT DE DESTINACIÓ                          ,,1    ,1     ,93075.5,0,,58586.88
2025,031  ,1532 ,12004  ,SOUS DEL GRUP C2                                  ,,1    ,1     ,130320.32,0,,72741.48
2025,031  ,1532 ,12001  ,SOUS DEL GRUP A2                                  ,,1    ,1     ,23162.7,0,,21382.38
2025,031  ,1501 ,12101  ,COMPLEMENT ESPECÍFIC                              ,,1    ,1     ,27011.31,0,,16731.17
2025,031  ,1501 ,12006  ,TRIENNIS                                          ,,1    ,1     ,2512.55,0,,2112.85
2025,031  ,1500 ,13000  ,RETRIBUCIONS BÀSIQUES PERSONAL LABORAL FIX        ,,1    ,1     ,211077.87,0,,152842.63
2025,031  ,1500 ,12100  ,COMPLEMENT DE DESTINACIÓ                          ,,1    ,1     ,59643.67,0,,43818.91
2025,063  ,924  ,22101  ,CONSUM AIGUA HORTS CIUTADANS                      ,,9    ,221   ,25850,0,,3444.51
2025,042  ,334  ,48909  ,TRANSF CORRENT FEDERACIÓ EL NUS                   ,042,334  ,48909 ,20000,8000,,20000
2025,051  ,433  ,22699  ,DESP VÀRIES ACTIVITAT ECONÒMICA                   ,051,43   ,22    ,700,0,,150
2025,051  ,2415 ,1430   ,PLANS OCUPACIÓ AMB                                ,051,2415 ,1430  ,18000,47900,,23870.04
2025,041  ,3231 ,22199  ,SUBMINISTRAMENT DIVERSOS-ESCOLA BRESSOL           ,041,32   ,22    ,11481,0,,1409.62
2025,041  ,326  ,48912  ,TRANSF CORRENTS LLAR D'INFANTS DUMBO              ,041,326  ,48912 ,4028,2009,,2397.5
2025,051  ,2413 ,48920  ,TRANSF CORRENTS E I ES IM-PERFECT FOOD S.L.       ,051,2413 ,48920 ,100000,0,,60000
2025,012  ,9204 ,15001  ,INCENTIU PRODUCTIVITAT NO ABSENTISME              ,,9    ,1     ,558668,0,,433835
2025,031  ,1532 ,22101  ,"CONSUM AIGUA VIES PÚBLIQUES, PARCS, ETC           ",,1    ,221   ,252000,0,,103792.05
2025,021  ,942  ,461    ,COFINANÇAMENT DIPUTACIO BARCELONA PLA DIRECTOR EQ ,021,942  ,461   ,0,0,,0
2025,051  ,2412 ,16000  ,QUOTES SEGURETAT SOCIAL                           ,051,2412 ,16000 ,285787.29,125619.49,,231297.55
2025,041  ,3231 ,221011 ,CONSUM AIGUA ESCOLA BRESSOL                       ,,3    ,221   ,2022,0,,972.77
2025,044  ,231  ,22101  ,CONSUM AIGUA EDIFICIS SERVEIS SOCIALS             ,,2    ,221   ,8053,0,,6090.82
2025,012  ,9204 ,151    ,GRATIFICACIÓ SERVEIS FUNCIONARIS                  ,,9    ,1     ,30000,0,,20462.07
2025,044  ,2311 ,48909  ,TRANSF CORRENTS APATS A DOMICILI                  ,044,2311 ,48909 ,252000,25234.6,,163417.68
2025,041  ,326  ,48909  ,TRANSF CORRENTS INSTITUT ESCOLA                   ,041,326  ,48909 ,20365,0,,16985
